Workbook

Sheet Geral
B1: Local (país) | D1: Local (estado) | E1: Designação do repositório | G1: Designação do conjunto documental | I1: Designação do subconjunto documental | K1: Gênero documental | M1: Espécie/Tipo documental | O1: Técnica de registro | Q1: Forma documental | S1: Unidade de descrição
A2: 1 | B2: BR | C2: - | D2: SP | E2: CARANDIRU | F2: _ | G2: FILMES | H2: - | I2: PENITESTADO1928-CSDTCARANDIRU | J2: _ | K2: FLG | L2: - | M2: FME | N2: - | O2: NDT | P2: - | Q2: DT1 | R2: _ | S2: 0001-001 | U2: .mp4
A3: 2 | B3: BR | C3: - | D3: SP | E3: CARANDIRU | F3: _ | G3: FILMES | H3: - | I3: DIRARTECARANDIRU-CSDTCARANDIRU | J3: _ | K3: FLG | L3: - | M3: FME | N3: - | O3: NDT | P3: - | Q3: DT1 | R3: _ | S3: 0001-001 | U3: .mp4
A4: 3 | B4: BR | C4: - | D4: SP | E4: CARANDIRU | F4: _ | G4: FILMES | H4: - | I4: SLIDESHOWCHARGE-CSDTCARANDIRU | J4: _ | K4: FLG | L4: - | M4: FME | N4: - | O4: NDT | P4: - | Q4: DT1 | R4: _ | S4: 0001-001 | U4: .mp4
A5: 4 | B5: BR | C5: - | D5: SP | E5: CARANDIRU | F5: _ | G5: FILMES | H5: - | I5: BASTIDFLMCARANDIRU-CSDTCARANDIRU | J5: _ | K5: FLG | L5: - | M5: FME | N5: - | O5: NDT | P5: - | Q5: DT1 | R5: _ | S5: 0001-001 | U5: .mp4
A6: 5 | B6: BR | C6: - | D6: SP | E6: CARANDIRU | F6: _ | G6: FILMES | H6: - | I6: FLMSHECTORBABENCO-CSDTCARANDIRU | J6: _ | K6: FLG | L6: - | M6: FME | N6: - | O6: NDT | P6: - | Q6: DT1 | R6: _ | S6: 0001-001 | U6: .mp4
A7: 6 | B7: BR | C7: - | D7: SP | E7: CARANDIRU | F7: _ | G7: FILMES | H7: - | I7: ORIGINALDVD-CSDTCARANDIRU | J7: _ | K7: FLG | L7: - | M7: FME | N7: - | O7: NDT | P7: - | Q7: DTX | R7: _ | S7: 0001-001 | T7: 001 | U7: BUP
A8: 7 | B8: BR | C8: - | D8: SP | E8: CARANDIRU | F8: _ | G8: FILMES | H8: - | I8: ORIGINALDVD-CSDTCARANDIRU | J8: _ | K8: FLG | L8: - | M8: FME | N8: - | O8: NDT | P8: - | Q8: DTX | R8: _ | S8: 0001-001 | T8: 002 | U8: IFO
A9: 8 | B9: BR | C9: - | D9: SP | E9: CARANDIRU | F9: _ | G9: FILMES | H9: - | I9: ORIGINALDVD-CSDTCARANDIRU | J9: _ | K9: FLG | L9: - | M9: FME | N9: - | O9: NDT | P9: - | Q9: DTX | R9: _ | S9: 0001-001 | T9: 003 | U9: BUP
A10: 9 | B10: BR | C10: - | D10: SP | E10: CARANDIRU | F10: _ | G10: FILMES | H10: - | I10: ORIGINALDVD-CSDTCARANDIRU | J10: _ | K10: FLG | L10: - | M10: FME | N10: - | O10: NDT | P10: - | Q10: DTX | R10: _ | S10: 0001-001 | T10: 004 | U10: IFO
A11: 10 | B11: BR | C11: - | D11: SP | E11: CARANDIRU | F11: _ | G11: FILMES | H11: - | I11: ORIGINALDVD-CSDTCARANDIRU | J11: _ | K11: FLG | L11: - | M11: FME | N11: - | O11: NDT | P11: - | Q11: DTX | R11: _ | S11: 0001-001 | T11: 005 | U11: VOB
A12: 11 | B12: BR | C12: - | D12: SP | E12: CARANDIRU | F12: _ | G12: FILMES | H12: - | I12: ORIGINALDVD-CSDTCARANDIRU | J12: _ | K12: FLG | L12: - | M12: FME | N12: - | O12: NDT | P12: - | Q12: DTX | R12: _ | S12: 0001-001 | T12: 006 | U12: VOB
A13: 12 | B13: BR | C13: - | D13: SP | E13: CARANDIRU | F13: _ | G13: FILMES | H13: - | I13: ORIGINALDVD-CSDTCARANDIRU | J13: _ | K13: FLG | L13: - | M13: FME | N13: - | O13: NDT | P13: - | Q13: DTX | R13: _ | S13: 0001-001 | T13: 007 | U13: BUP
A14: 13 | B14: BR | C14: - | D14: SP | E14: CARANDIRU | F14: _ | G14: FILMES | H14: - | I14: ORIGINALDVD-CSDTCARANDIRU | J14: _ | K14: FLG | L14: - | M14: FME | N14: - | O14: NDT | P14: - | Q14: DTX | R14: _ | S14: 0001-001 | T14: 008 | U14: IFO
A15: 14 | B15: BR | C15: - | D15: SP | E15: CARANDIRU | F15: _ | G15: FILMES | H15: - | I15: ORIGINALDVD-CSDTCARANDIRU | J15: _ | K15: FLG | L15: - | M15: FME | N15: - | O15: NDT | P15: - | Q15: DTX | R15: _ | S15: 0001-001 | T15: 009 | U15: VOB
A16: 15 | B16: BR | C16: - | D16: SP | E16: CARANDIRU | F16: _ | G16: FILMES | H16: - | I16: ORIGINALDVD-CSDTCARANDIRU | J16: _ | K16: FLG | L16: - | M16: FME | N16: - | O16: NDT | P16: - | Q16: DTX | R16: _ | S16: 0001-001 | T16: 010 | U16: BUP
A17: 16 | B17: BR | C17: - | D17: SP | E17: CARANDIRU | F17: _ | G17: FILMES | H17: - | I17: ORIGINALDVD-CSDTCARANDIRU | J17: _ | K17: FLG | L17: - | M17: FME | N17: - | O17: NDT | P17: - | Q17: DTX | R17: _ | S17: 0001-001 | T17: 011 | U17: IFO
A18: 17 | B18: BR | C18: - | D18: SP | E18: CARANDIRU | F18: _ | G18: FILMES | H18: - | I18: ORIGINALDVD-CSDTCARANDIRU | J18: _ | K18: FLG | L18: - | M18: FME | N18: - | O18: NDT | P18: - | Q18: DTX | R18: _ | S18: 0001-001 | T18: 012 | U18: VOB
... A40: 39 | B40: BR | C40: - | D40: SP | E40: CARANDIRU | F40: _ | G40: FILMES | H40: - | I40: ORIGINALDVD-CSDTCARANDIRU | J40: _ | K40: FLG | L40: - | M40: FME | N40: - | O40: NDT | P40: - | Q40: DTX | R40: _ | S40: 0001-001 | T40: 034 | U40: IFO

Sheet PenitEstado1928
A1: Cód. | B1: Título descritivo (atribuído) | C1: Nível de descrição | D1: Data | E1: Duração | F1: Suporte | G1: Local | H1: Autor/Responsável | I1: Denominação do catálogo temático (GPDVE ARCOENGE) | J1: Localização | K1: Código de referência | L1: História arquivística | M1: Conteúdo/Assunto | N1: Condições de acesso e reprodução | O1: Palavras-chave | P1: Gênero | Q1: Técnica de registro | R1: Legenda para publicações | S1: Citação ABNT | T1: Notas
A2: =MID(K2, LEN(K2)-6, 3) -> 001 | B2: Documentário "Penitenciária do Estado - 1928" | C2: Item | D2: 10228 | E2: 0.0049768519 | F2: Originalmente DVD (suporte físico óptico). Com tratamento, tornou-se arquivo eletrônico (MP4) em suporte digital/nato-digital | G2: São Paulo, Brasil | H2: Grupo de Pesquisa em Direito e Violência de Estado | I2: GPDVE - Filmes - Casa de Detenção do Carandiru | J2: Pasta: 0001 | K2: =TEXTJOIN("", TRUE, Geral!B2:U2) -> BR-SPCARANDIRU_FILMES-PENITESTADO1928-CSDTCARANDIRU_FLG-FME-NDT-DT1_0001-001.mp4 | L2: Verificar com a professora Maíra | M2: O documentário-mudo trata da rotina dos presos na Penitenciária do Estado em 1928. Cenas em preto e branco com atividades internas e telas com texto explicativo. A trasncrição completa das telas pode ser encontrada na seção "Notas". | N2: O acesso aos documentos deste acervo está condicionado ao compromisso de não repassá-los a terceiros, à obrigatoriedade de mencionar que os originais pertencem ao GPDVE (?), e à necessidade de novo Termo de Responsabilidade em caso de reutilização ou uso diverso do inicialmente acordado. O uso está sujeito às restrições previstas na Lei de Arquivos (Lei nº 8.159/1991), na Lei de Direitos Autorais (Lei nº 9.610/1998), nos artigos 138 e 145 do Código Penal, e no artigo 5º, inciso X, da Constituição Federal, especialmente quanto à proteção da honra e imagem de terceiros. A pessoa física ou jurídica responsável assume integral responsabilidade civil e penal por eventuais danos decorrentes do uso das reproduções e informações, eximindo o GPDVE de qualquer responsabilidade. | O2: Casa de Detenção de São Paulo; Carandiru; Filme; 1928; Penitenciária do Estado | P2: Filmográfico | Q2: Possivelmente, filmagem digital ou vídeo digital. Optou-se por "não determinado" por incerteza quanto ao processo da técnica. | R2: ="Figura n – ["&B2&"]"&CHAR(10)&"Fonte: Sem autor, "&TEXT(D2,"yyyy")&"." -> Figura n – [Documentário "Penitenciária do Estado - 1928"] Fonte: Sem autor, 1928. | S2: ="SEM AUTOR. ["&B2&"]. "&G2&". "&TEXT(D2,"dd")&" "&LOWER(TEXT(D2,"mmm"))&" "&TEXT(D2,"yyyy")&". "&F2&". Disponível em: <link do dataverse>. Acesso em: 28 mai. 2026." -> SEM AUTOR. [Documentário "Penitenciária do Estado - 1928"]. São Paulo, Brasil. 01 jan. 1928. Originalmente DVD (suporte físico óptico). Com tratamento, tornou-se arquivo eletrônico (MP4) em suporte digital/nato-digital. Disponível em: <link do dataverse>. Acesso em: 28 mai. 2026. | T2: Este item pertencia à pasta intitulada "Carandiru - disco 2". Trasncrição das telas do documentário-mudo: Transcrição das relas de texto do filme entre aspas, na sequência em que aparecem: "Depois, o barbeiro rapal-lho bigode e corta-lhe o cabelo à escovinha". "Fornece-lhe uma escova para os dents dá-lhe conselhos praticos sobre hygiene buccal". "Os que trabalham no campo, fazem sua refeição ao ar livre". "Às 11:30 voltam os presidiários às officinas até às 16:30, hora do jantar, e às 18 horas entram no regimem de instrucção que é obrigatória". "Tambem recebem a visita de suas familias, aquelles que merecem essa concessão pelo bom comportamento". "O regimem de instrucção é composto de 6 classes de alphabetização, de 50 alumnos cada uma; 1 classe de desenho industrial e architecctonico, com 60 alumnos; e 1 classe de theoria e pratica de Musica e Cantos coraes, com 200 alumnos". "A escola primaria. Lição de dictado". "Aula de desenho industrial e figurado". "A titulo, ainda, de recompensa, têm horas de recreio nos pateos, lembrando a vida collegial". "De resto, a penitenciaria de São Paulo não é mais do que uma grande casa de reeducação do delinquente até a sua completa regeneração". "O livramento condicional que constitue o 4º. periodo da pena é concedido pela Justiça Criminal, em virtude de solicitação do Conselho Penitenciário, composto de juristas e medicos....". "...notáveis, àquelles sentenciados que, pela sua excelente conducta, applicação em trabalh oe aproveitamento nos estudos por mais de 2/3 de sua pena, haja adquirido esse direito". "Pelo livramento condicional pode o sentenciado residir em sua casa com sua família e trabalhar onde queira, vivendo como homem livre, apenas sob fiscalização discreta do poder público". "Na Penitenciaria de São Paulo existe uma biliotheca de 7.000 volumes de livros moraes, educativos e instructivos para uso dos sentenciados". "Funcciona no estabelecimento uma escola de educação physica, dirigida por um official graduado da Força Pública e na qual estão matriculados todos os sentenciados, divididos em 5 series de accordo com a robustez physica de cada um, classificado pelo corpo clínico da Penitenciária". "Os exercicios physicos às quintas-feitas e domingos". "Gymnastica Succa". "Gymnastica Brasil conjugada". "Bailados gymnasticos". "... no extenso parque são tratados, com esmero, o pomar e a horta, cujos productos constituem parte da alimentação dos presidiários".

Sheet FlmsHectorBabenco
A1: Cód. | B1: Título descritivo (atribuído) | C1: Nível de descrição | D1: Data | E1: Duração | F1: Suporte | G1: Local | H1: Autor/Responsável | I1: Denominação do catálogo temático (GPDVE ARCOENGE) | J1: Localização | K1: Código de referência | L1: História arquivística | M1: Conteúdo/Assunto | N1: Condições de acesso e reprodução | O1: Palavras-chave | P1: Gênero | Q1: Técnica de registro | R1: Legenda para publicações | S1: Citação ABNT | T1: Notas
A2: =MID(K2, LEN(K2)-6, 3) -> 001 | B2: Filmografia de Hector Babenco | C2: Item | D2: Sem data | E2: 0.0031365741 | F2: Originalmente DVD (suporte físico óptico). Com tratamento, tornou-se arquivo eletrônico (MP4) em suporte digital/nato-digital | G2: São Paulo, Brasil | H2: Grupo de Pesquisa em Direito e Violência de Estado | I2: GPDVE - Filmes - Casa de Detenção do Carandiru | J2: Pasta: 0001 | K2: =TEXTJOIN("", TRUE, Geral!B2:U2) -> BR-SPCARANDIRU_FILMES-PENITESTADO1928-CSDTCARANDIRU_FLG-FME-NDT-DT1_0001-001.mp4 | L2: Verificar com a professora Maíra | M2: O trecho trata de todos os filmes dos quais Hector Bebenco (diretor do Filme Carandiru) foi diretor, dentre os quais: Lúcio Flávio, Pixote e Coração Iluminado. | N2: O acesso aos documentos deste acervo está condicionado ao compromisso de não repassá-los a terceiros, à obrigatoriedade de mencionar que os originais pertencem ao GPDVE (?), e à necessidade de novo Termo de Responsabilidade em caso de reutilização ou uso diverso do inicialmente acordado. O uso está sujeito às restrições previstas na Lei de Arquivos (Lei nº 8.159/1991), na Lei de Direitos Autorais (Lei nº 9.610/1998), nos artigos 138 e 145 do Código Penal, e no artigo 5º, inciso X, da Constituição Federal, especialmente quanto à proteção da honra e imagem de terceiros. A pessoa física ou jurídica responsável assume integral responsabilidade civil e penal por eventuais danos decorrentes do uso das reproduções e informações, eximindo o GPDVE de qualquer responsabilidade. | O2: Casa de Detenção de São Paulo; Carandiru; Filme; 1928; Penitenciária do Estado | P2: Filmográfico | Q2: Possivelmente, filmagem digital ou vídeo digital. Optou-se por "não determinado" por incerteza quanto ao processo da técnica. | R2: ="Figura n – ["&B2&"]"&CHAR(10)&"Fonte: SEM AUTOR, "&TEXT(D2,"yyyy")&"." -> Figura n – [Filmografia de Hector Babenco] Fonte: SEM AUTOR, Sem data. | S2: ="SEM AUTOR. ["&B2&"]. "&G2&". "&TEXT(D2,"dd")&" "&LOWER(TEXT(D2,"mmm"))&" "&TEXT(D2,"yyyy")&". "&F2&". Disponível em: <link do dataverse>. Acesso em: 28 mai. 2026." -> SEM AUTOR. [Filmografia de Hector Babenco]. São Paulo, Brasil. Sem data sem data Sem data. Originalmente DVD (suporte físico óptico). Com tratamento, tornou-se arquivo eletrônico (MP4) em suporte digital/nato-digital. Disponível em: <link do dataverse>. Acesso em: 28 mai. 2026. | T2: Este item pertencia à pasta intitulada "Carandiru - disco 2".

Sheet BastidFilmeCarandiru
A1: Cód. | B1: Título descritivo (atribuído) | C1: Nível de descrição | D1: Data | E1: Duração | F1: Suporte | G1: Local | H1: Autor/Responsável | I1: Denominação do catálogo temático (GPDVE ARCOENGE) | J1: Localização | K1: Código de referência | L1: História arquivística | M1: Conteúdo/Assunto | N1: Condições de acesso e reprodução | O1: Palavras-chave | P1: Gênero | Q1: Técnica de registro | R1: Legenda para publicações | S1: Citação ABNT | T1: Notas
A2: =MID(K2, LEN(K2)-6, 3) -> 001 | B2: Os bastidores do filme "Carandiru: um filme de Hector Bebenco" (por Globo Filmes) | C2: Item | D2: Sem data | E2: 0.022141204 | F2: Originalmente DVD (suporte físico óptico). Com tratamento, tornou-se arquivo eletrônico (MP4) em suporte digital/nato-digital | G2: São Paulo, Brasil | H2: Grupo de Pesquisa em Direito e Violência de Estado | I2: GPDVE - Filmes - Casa de Detenção do Carandiru | J2: Pasta: 0001 | K2: =TEXTJOIN("", TRUE, Geral!B2:U2) -> BR-SPCARANDIRU_FILMES-PENITESTADO1928-CSDTCARANDIRU_FLG-FME-NDT-DT1_0001-001.mp4 | L2: Verificar com a professora Maíra | M2: O documentário intitulado "Carandiru: um filme de Hector Bebenco" apresenta relatos de Drazio Varella, atores e produtores. Focado em mostrar o processo autoral e divergências quanto ao livro em que é inspirado (Estação Carandiru de Drauzio Varella). Atores contam das inseguranças e desafios na representação de seus personagens. | N2: O acesso aos documentos deste acervo está condicionado ao compromisso de não repassá-los a terceiros, à obrigatoriedade de mencionar que os originais pertencem ao GPDVE (?), e à necessidade de novo Termo de Responsabilidade em caso de reutilização ou uso diverso do inicialmente acordado. O uso está sujeito às restrições previstas na Lei de Arquivos (Lei nº 8.159/1991), na Lei de Direitos Autorais (Lei nº 9.610/1998), nos artigos 138 e 145 do Código Penal, e no artigo 5º, inciso X, da Constituição Federal, especialmente quanto à proteção da honra e imagem de terceiros. A pessoa física ou jurídica responsável assume integral responsabilidade civil e penal por eventuais danos decorrentes do uso das reproduções e informações, eximindo o GPDVE de qualquer responsabilidade. | O2: Casa de Detenção de São Paulo; Carandiru; Filme; 1928; Penitenciária do Estado | P2: Filmográfico | Q2: Possivelmente, filmagem digital ou vídeo digital. Optou-se por "não determinado" por incerteza quanto ao processo da técnica. | R2: ="Figura n – ["&B2&"]"&CHAR(10)&"Fonte: Globo Filmes, "&TEXT(D2,"yyyy")&"." -> Figura n – [Os bastidores do filme "Carandiru: um filme de Hector Bebenco" (por Globo Filmes)] Fonte: Globo Filmes, Sem data. | S2: ="GLOBO FILMES. ["&B2&"]. "&G2&". "&TEXT(D2,"dd")&" "&LOWER(TEXT(D2,"mmm"))&" "&TEXT(D2,"yyyy")&". "&F2&". Disponível em: <link do dataverse>. Acesso em: 28 mai. 2026." -> GLOBO FILMES. [Os bastidores do filme "Carandiru: um filme de Hector Bebenco" (por Globo Filmes)]. São Paulo, Brasil. Sem data sem data Sem data. Originalmente DVD (suporte físico óptico). Com tratamento, tornou-se arquivo eletrônico (MP4) em suporte digital/nato-digital. Disponível em: <link do dataverse>. Acesso em: 28 mai. 2026. | T2: Este item pertencia à pasta intitulada "Carandiru - disco 2".

Sheet SlideShowCharge
A1: Cód. | B1: Título descritivo (atribuído) | C1: Nível de descrição | D1: Data | E1: Duração | F1: Suporte | G1: Local | H1: Autor/Responsável | I1: Denominação do catálogo temático (GPDVE ARCOENGE) | J1: Localização | K1: Código de referência | L1: História arquivística | M1: Conteúdo/Assunto | N1: Condições de acesso e reprodução | O1: Palavras-chave | P1: Gênero | Q1: Técnica de registro | R1: Legenda para publicações | S1: Citação ABNT | T1: Notas
A2: =MID(K2, LEN(K2)-6, 3) -> 001 | B2: Slideshow de fotos da produção do filme Carandiru, com trilha sonora | C2: Item | D2: Sem data | E2: 0.0050231481 | F2: Originalmente DVD (suporte físico óptico). Com tratamento, tornou-se arquivo eletrônico (MP4) em suporte digital/nato-digital | G2: São Paulo, Brasil | H2: Grupo de Pesquisa em Direito e Violência de Estado | I2: GPDVE - Filmes - Casa de Detenção do Carandiru | J2: Pasta: 0001 | K2: =TEXTJOIN("", TRUE, Geral!B2:U2) -> BR-SPCARANDIRU_FILMES-PENITESTADO1928-CSDTCARANDIRU_FLG-FME-NDT-DT1_0001-001.mp4 | L2: Verificar com a professora Maíra | M2: Slideshow de fotos da produção do filme Carandiru (por Hector Bebenco), com trilha sonora. Inclui também uma charge intitulada "Recado da Produção" sobre a importância do uso de camisinha em relações sexuais, possivelmente ligada à campanha de prevenção contra a HIV/AIDS que era uma política muito forte à época. | N2: O acesso aos documentos deste acervo está condicionado ao compromisso de não repassá-los a terceiros, à obrigatoriedade de mencionar que os originais pertencem ao GPDVE (?), e à necessidade de novo Termo de Responsabilidade em caso de reutilização ou uso diverso do inicialmente acordado. O uso está sujeito às restrições previstas na Lei de Arquivos (Lei nº 8.159/1991), na Lei de Direitos Autorais (Lei nº 9.610/1998), nos artigos 138 e 145 do Código Penal, e no artigo 5º, inciso X, da Constituição Federal, especialmente quanto à proteção da honra e imagem de terceiros. A pessoa física ou jurídica responsável assume integral responsabilidade civil e penal por eventuais danos decorrentes do uso das reproduções e informações, eximindo o GPDVE de qualquer responsabilidade. | O2: Casa de Detenção de São Paulo; Carandiru; Filme; 1928; Penitenciária do Estado | P2: Filmográfico | Q2: Possivelmente, filmagem digital ou vídeo digital. Optou-se por "não determinado" por incerteza quanto ao processo da técnica. | R2: ="Figura n – ["&B2&"]"&CHAR(10)&"Fonte: WALTER CARVALHO, "&TEXT(D2,"yyyy")&"." -> Figura n – [Slideshow de fotos da produção do filme Carandiru, com trilha sonora] Fonte: WALTER CARVALHO, Sem data. | S2: ="WALTER CARVALHO. ["&B2&"]. "&G2&". "&TEXT(D2,"dd")&" "&LOWER(TEXT(D2,"mmm"))&" "&TEXT(D2,"yyyy")&". "&F2&". Disponível em: <link do dataverse>. Acesso em: 28 mai. 2026." -> WALTER CARVALHO. [Slideshow de fotos da produção do filme Carandiru, com trilha sonora]. São Paulo, Brasil. Sem data sem data Sem data. Originalmente DVD (suporte físico óptico). Com tratamento, tornou-se arquivo eletrônico (MP4) em suporte digital/nato-digital. Disponível em: <link do dataverse>. Acesso em: 28 mai. 2026. | T2: Este item pertencia à pasta intitulada "Carandiru - disco 2".

Sheet DirArteCarandiru
A1: Cód. | B1: Título descritivo (atribuído) | C1: Nível de descrição | D1: Data | E1: Duração | F1: Suporte | G1: Local | H1: Autor/Responsável | I1: Denominação do catálogo temático (GPDVE ARCOENGE) | J1: Localização | K1: Código de referência | L1: História arquivística | M1: Conteúdo/Assunto | N1: Condições de acesso e reprodução | O1: Palavras-chave | P1: Gênero | Q1: Técnica de registro | R1: Legenda para publicações | S1: Citação ABNT | T1: Notas
A2: =MID(K2, LEN(K2)-6, 3) -> 001 | B2: A direção de arte do filme Carandiru por Monica Delfino | C2: Item | D2: Sem data | E2: 0.066354167 | F2: Originalmente DVD (suporte físico óptico). Com tratamento, tornou-se arquivo eletrônico (MP4) em suporte digital/nato-digital | G2: São Paulo, Brasil | H2: Grupo de Pesquisa em Direito e Violência de Estado | I2: GPDVE - Filmes - Casa de Detenção do Carandiru | J2: Pasta: 0001 | K2: =TEXTJOIN("", TRUE, Geral!B2:U2) -> BR-SPCARANDIRU_FILMES-PENITESTADO1928-CSDTCARANDIRU_FLG-FME-NDT-DT1_0001-001.mp4 | L2: Verificar com a professora Maíra | M2: Este conteúdo é parte do tratamento que consistiu na junção de clipes do DVD que introduziam o primeiro vídeo. O tema central é o processo de produção do filme Carandiru (dirigido por Hector Bebenco). Ele inclui o menu do DVD, seguido por longa tela preta com trilha sonora de fundo, vinheta da Columbia Tristar e advertência sobre direitos autorais. Em seguida, pode-se notar um trailer com cenas pontuais finalizadas. Depois, processo de composição da trilha sonora. Preparação do elenco: ensaios e estudos. E então iniciam-se os relatos dos atores, do Drauzio Varella e dos diretores de produção. | N2: O acesso aos documentos deste acervo está condicionado ao compromisso de não repassá-los a terceiros, à obrigatoriedade de mencionar que os originais pertencem ao GPDVE (?), e à necessidade de novo Termo de Responsabilidade em caso de reutilização ou uso diverso do inicialmente acordado. O uso está sujeito às restrições previstas na Lei de Arquivos (Lei nº 8.159/1991), na Lei de Direitos Autorais (Lei nº 9.610/1998), nos artigos 138 e 145 do Código Penal, e no artigo 5º, inciso X, da Constituição Federal, especialmente quanto à proteção da honra e imagem de terceiros. A pessoa física ou jurídica responsável assume integral responsabilidade civil e penal por eventuais danos decorrentes do uso das reproduções e informações, eximindo o GPDVE de qualquer responsabilidade. | O2: Casa de Detenção de São Paulo; Carandiru; Filme; 1928; Penitenciária do Estado | P2: Filmográfico | Q2: Possivelmente, filmagem digital ou vídeo digital. Optou-se por "não determinado" por incerteza quanto ao processo da técnica. | R2: ="Figura n – ["&B2&"]"&CHAR(10)&"Fonte: MONICA DELFINO, "&TEXT(D2,"yyyy")&"." -> Figura n – [A direção de arte do filme Carandiru por Monica Delfino] Fonte: MONICA DELFINO, Sem data. | S2: ="MONICA DELFINO. ["&B2&"]. "&G2&". "&TEXT(D2,"dd")&" "&LOWER(TEXT(D2,"mmm"))&" "&TEXT(D2,"yyyy")&". "&F2&". Disponível em: <link do dataverse>. Acesso em: 28 mai. 2026." -> MONICA DELFINO. [A direção de arte do filme Carandiru por Monica Delfino]. São Paulo, Brasil. Sem data sem data Sem data. Originalmente DVD (suporte físico óptico). Com tratamento, tornou-se arquivo eletrônico (MP4) em suporte digital/nato-digital. Disponível em: <link do dataverse>. Acesso em: 28 mai. 2026. | T2: Este item pertencia à pasta intitulada "Carandiru - disco 2".

Sheet OriginalDVD
A1: Cód. | B1: Título descritivo (atribuído) | C1: Nível de descrição | D1: Data | E1: Duração | F1: Suporte | G1: Local | H1: Autor/Responsável | I1: Denominação do catálogo temático (GPDVE ARCOENGE) | J1: Localização | K1: Código de referência | L1: História arquivística | M1: Conteúdo/Assunto | N1: Condições de acesso e reprodução | O1: Palavras-chave | P1: Gênero | Q1: Técnica de registro | R1: Legenda para publicações | S1: Citação ABNT | T1: Notas
A2: =MID(K2, LEN(K2)-6, 3) -> 001 | B2: Coletânea audiovisual sobre o complexo do Carandiru (documentários) | C2: Conjunto | D2: Sem data | E2: -- | F2: Originalmente DVD (suporte físico óptico). | G2: São Paulo, Brasil | H2: Grupo de Pesquisa em Direito e Violência de Estado | I2: GPDVE - Filmes - Casa de Detenção do Carandiru | J2: Pasta: 0001 | K2: =TEXTJOIN("", TRUE, Geral!B2:U2) -> BR-SPCARANDIRU_FILMES-PENITESTADO1928-CSDTCARANDIRU_FLG-FME-NDT-DT1_0001-001.mp4 | L2: Verificar com a professora Maíra | M2: DVD contendo uma miscelânea de registros audiovisuais e iconográficos. Inclui: 1. Documentários sobre a produção e os bastidores (making of) do longa-metragem "Carandiru"; 2. Apresentação de slides contendo fotografias históricas e charges; 3. Registro documental histórico sobre a Penitenciária do Estado de São Paulo, datado de 1928. | N2: O acesso aos documentos deste acervo está condicionado ao compromisso de não repassá-los a terceiros, à obrigatoriedade de mencionar que os originais pertencem ao GPDVE (?), e à necessidade de novo Termo de Responsabilidade em caso de reutilização ou uso diverso do inicialmente acordado. O uso está sujeito às restrições previstas na Lei de Arquivos (Lei nº 8.159/1991), na Lei de Direitos Autorais (Lei nº 9.610/1998), nos artigos 138 e 145 do Código Penal, e no artigo 5º, inciso X, da Constituição Federal, especialmente quanto à proteção da honra e imagem de terceiros. A pessoa física ou jurídica responsável assume integral responsabilidade civil e penal por eventuais danos decorrentes do uso das reproduções e informações, eximindo o GPDVE de qualquer responsabilidade. | O2: Casa de Detenção de São Paulo; Carandiru; Filme; 1928; Penitenciária do Estado | P2: Filmográfico | Q2: Possivelmente, filmagem digital ou vídeo digital. Optou-se por "não determinado" por incerteza quanto ao processo da técnica. | R2: ="Figura n – ["&B2&"]"&CHAR(10)&"Fonte: Vários Autores. Acervo GPDVE, "&TEXT(D2,"yyyy")&"." -> Figura n – [Coletânea audiovisual sobre o complexo do Carandiru (documentários)] Fonte: Vários Autores. Acervo GPDVE, Sem data. | S2: ="VÁRIOS AUTORES. ["&B2&"]. "&G2&". "&TEXT(D2,"dd")&" "&LOWER(TEXT(D2,"mmm"))&" "&TEXT(D2,"yyyy")&". "&F2&". Disponível em: <link do dataverse>. Acesso em: 28 mai. 2026." -> VÁRIOS AUTORES. [Coletânea audiovisual sobre o complexo do Carandiru (documentários)]. São Paulo, Brasil. Sem data sem data Sem data. Originalmente DVD (suporte físico óptico).. Disponível em: <link do dataverse>. Acesso em: 28 mai. 2026. | T2: Este item pertencia à pasta intitulada "Carandiru - disco 2".

Sheet Classificação
B1: Local (país) | C1: Local (estado) | D1: Designação do repositório | E1: Designação do conjunto documental (FUNDO) | F1: Designação do subconjunto documental | G1: Gênero documental | H1: Espécie/Tipo documental | I1: Técnica de registro | J1: Forma documental | K1: Unidade de descrição
A2: Conteúdo | B2: Obrigatório | C2: Obrigatório | D2: Obrigatório | E2: Obrigatório | F2: Opcional | G2: Opcional | H2: Opcional | I2: Opcional | J2: Opcional | K2: Obrigatório
A3: Filmes | B3: Brasil | C3: São Paulo | D3: Grupo de Pesquisa em Direito e Violência de Estado | E3: Filmes | F3: Penitenciária do Estado em 1928 - Casa de Detenção Carandiru Direção de Arte do filme Carandiru - Casa de Detenção Carandiru Slideshow e charge - Casa de Detenção Carandiru Bastidores do filme Carandiru - Casa de Detenção Carandiru Filmes de Hector Bebenco - Casa de Detenção Carandiru Original DVD - Casa de Detenção Carandiru | G3: Filmográfico | H3: Filme | I3: Não determinado | J3: Derivada tratada (tratamento conhecido) Derivada tratada (tratamento desconhecido) | K3: Pasta
B4: BR | C4: SP | D4: GPDVE | E4: FILMES | F4: PENITESTADO1928-CSDTCARANDIRU DIRARTECARANDIRU-CSDTCARANDIRU SLIDESHOWCHARGE-CSDTCARANDIRU BASTIDFLMCARANDIRU-CSDTCARANDIRU FLMSHECTORBABENCO-CSDTCARANDIRU ORIGINALDVD-CSDTCARANDIRU | G4: FLG | H4: FME | I4: NDT | J4: DT1 DTX | K4: 0001
