Workbook

Sheet Geral
B1: Local (país) | D1: Local (estado) | E1: Designação do repositório | G1: Designação do conjunto documental | I1: Designação do subconjunto documental | K1: Gênero documental | M1: Espécie/Tipo documental | O1: Técnica de registro | Q1: Forma documental | S1: Unidade de descrição
A2: 1 | B2: BR | C2: - | D2: SP | E2: APESP | F2: _ | G2: CPOS | H2: - | I2: PLNCARANDIRU | J2: _ | K2: ICO | L2: - | M2: FOT | N2: - | O2: DGZ | P2: - | Q2: MT0 | R2: _ | S2: 3350-0001 | T2: 001 | U2: F | V2: .jpeg
A3: 2 | B3: BR | C3: - | D3: SP | E3: APESP | F3: _ | G3: CPOS | H3: - | I3: PLNCARANDIRU | J3: _ | K3: ICO | L3: - | M3: PLN | N3: - | O3: FOT | P3: - | Q3: MT0 | R3: _ | S3: 3350-0001 | T3: 002 | U3: F | V3: .jpeg
A4: 3 | B4: BR | C4: - | D4: SP | E4: APESP | F4: _ | G4: CPOS | H4: - | I4: PLNCARANDIRU | J4: _ | K4: ICO | L4: - | M4: PLN | N4: - | O4: FOT | P4: - | Q4: MT0 | R4: _ | S4: 3350-0001 | T4: 003 | U4: F | V4: .jpeg
A5: 4 | B5: BR | C5: - | D5: SP | E5: APESP | F5: _ | G5: CPOS | H5: - | I5: PLNCARANDIRU | J5: _ | K5: ICO | L5: - | M5: PLN | N5: - | O5: FOT | P5: - | Q5: MT0 | R5: _ | S5: 3350-0001 | T5: 004 | U5: F | V5: .jpeg
A6: 5 | B6: BR | C6: - | D6: SP | E6: APESP | F6: _ | G6: CPOS | H6: - | I6: PLNCARANDIRU | J6: _ | K6: ICO | L6: - | M6: PLN | N6: - | O6: FOT | P6: - | Q6: MT0 | R6: _ | S6: 3350-0001 | T6: 005 | U6: F | V6: .jpeg
A7: 6 | B7: BR | C7: - | D7: SP | E7: APESP | F7: _ | G7: CPOS | H7: - | I7: PLNCARANDIRU | J7: _ | K7: ICO | L7: - | M7: PLN | N7: - | O7: FOT | P7: - | Q7: MT0 | R7: _ | S7: 3350-0001 | T7: 006 | U7: F | V7: .jpeg
A8: 7 | B8: BR | C8: - | D8: SP | E8: APESP | F8: _ | G8: CPOS | H8: - | I8: PLNCARANDIRU | J8: _ | K8: ICO | L8: - | M8: PLN | N8: - | O8: FOT | P8: - | Q8: MT0 | R8: _ | S8: 3350-0001 | T8: 007 | U8: F | V8: .jpeg
A9: 8 | B9: BR | C9: - | D9: SP | E9: APESP | F9: _ | G9: CPOS | H9: - | I9: PLNCARANDIRU | J9: _ | K9: ICO | L9: - | M9: PLN | N9: - | O9: FOT | P9: - | Q9: MT0 | R9: _ | S9: 3350-0001 | T9: 008 | U9: F | V9: .jpeg
A10: 9 | B10: BR | C10: - | D10: SP | E10: APESP | F10: _ | G10: CPOS | H10: - | I10: PLNCARANDIRU | J10: _ | K10: ICO | L10: - | M10: FOT | N10: - | O10: FOT | P10: - | Q10: MT0 | R10: _ | S10: 3350-0001 | T10: 009 | U10: F | V10: .jpeg
A11: 10 | B11: BR | C11: - | D11: SP | E11: APESP | F11: _ | G11: CPOS | H11: - | I11: PLNCARANDIRU | J11: _ | K11: ICO | L11: - | M11: FOT | N11: - | O11: FOT | P11: - | Q11: MT0 | R11: _ | S11: 3350-0001 | T11: 010 | U11: F | V11: .jpeg
A12: 11 | B12: BR | C12: - | D12: SP | E12: APESP | F12: _ | G12: CPOS | H12: - | I12: PLNCARANDIRU | J12: _ | K12: ICO | L12: - | M12: PLN | N12: - | O12: FOT | P12: - | Q12: MT0 | R12: _ | S12: 3350-0001 | T12: 011 | U12: F | V12: .jpeg
A13: 12 | B13: BR | C13: - | D13: SP | E13: APESP | F13: _ | G13: CPOS | H13: - | I13: PLNCARANDIRU | J13: _ | K13: ICO | L13: - | M13: FOT | N13: - | O13: FOT | P13: - | Q13: MT0 | R13: _ | S13: 3350-0001 | T13: 012 | U13: F | V13: .jpeg
A14: 13 | B14: BR | C14: - | D14: SP | E14: APESP | F14: _ | G14: CPOS | H14: - | I14: PLNCARANDIRU | J14: _ | K14: ICO | L14: - | M14: FOT | N14: - | O14: FOT | P14: - | Q14: MT0 | R14: _ | S14: 3350-0001 | T14: 013 | U14: F | V14: .jpeg

Sheet 3350 0001
A1: Cód. | B1: Título descritivo (atribuído) | C1: Nível de descrição | D1: Data grafada na fotografia | E1: Tamanho | F1: Suporte | G1: Local | H1: Autor/Responsável | I1: Denominação do catálogo temático (CPOS) | J1: Localização | K1: Código de referência | L1: História arquivística | M1: Conteúdo/Assunto | N1: Condições de acesso e reprodução | O1: Palavras-chave | P1: Gênero | Q1: Técnica de registro | R1: Legenda para publicações | S1: Citação ABNT | T1: Notas (transcrição e outras informações)
A2: =RIGHT(K2,4) -> 001F | B2: Etiqueta de identificação de projeto técnico estrutural da Casa de Detenção de São Paulo (Carandiru) – Acervo CPOS. | C2: Item | D2: Indeterminada | E2: Gerado pelo Dataverse | F2: Fotografia colorida | G2: São Paulo, Brasil | H2: Arquivo Público do Estado de São Paulo, Companhia Paulista de Obras e Serviços | I2: Planta da Casa de Detenção Carandiru | J2: Caixa: 3350 | K2: =TEXTJOIN("", TRUE, Geral!B2:U2) -> BR-SPAPESP_CPOS-PLNCARANDIRU_ICO-FOT-DGZ-MT0_3350-0001001F | L2: A Companhia Paulista de Obras e Serviços (CPOS), sucessora das antigas repartições de obras públicas do Estado de São Paulo (como a SACOP e a SVOP), foi a principal responsável pelo projeto, fiscalização e execução da infraestrutura estatal entre 1892 e 2019. Seu acervo cartográfico, atualmente sob custódia do Arquivo Público do Estado de São Paulo (APESP), é o registro técnico vital das edificações públicas paulistas. Ele documenta a materialização de políticas de saúde, educação e segurança através de plantas, cortes e cálculos estruturais de complexos fundamentais, como hospitais, escolas e unidades prisionais (incluindo o Carandiru). | M2: Registro administrativo e técnico de identificação de documentos (provavelmente plantas ou cópias heliográficas) referentes ao cálculo estrutural do complexo penitenciário da Casa de Detenção (Carandiru). A etiqueta traz a numeração de controle "3350" e a logomarca da CPOS Soluções de Engenharia. | N2: O acesso aos documentos deste acervo está condicionado ao compromisso de não repassá-los a terceiros, à obrigatoriedade de mencionar que os originais pertencem ao Arquivo Público do Estado de São Paulo, e à necessidade de novo Termo de Responsabilidade em caso de reutilização ou uso diverso do inicialmente acordado. O uso está sujeito às restrições previstas na Lei de Arquivos (Lei nº 8.159/1991), na Lei de Direitos Autorais (Lei nº 9.610/1998), nos artigos 138 e 145 do Código Penal, e no artigo 5º, inciso X, da Constituição Federal, especialmente quanto à proteção da honra e imagem de terceiros. A pessoa física ou jurídica responsável assume integral responsabilidade civil e penal por eventuais danos decorrentes do uso das reproduções e informações, eximindo o Arquivo Público do Estado de São Paulo de qualquer responsabilidade. | O2: Casa de Detenção; Carandiru; Engenharia Civil; Estrutura; CPOS; São Paulo; Arquitetura Prisional; Patrimônio Documental. | P2: Fotografia (Iconográfico) | Q2: Digitalização de fotografia em preto e branco (analógica original) | R2: ="Figura n – ["&B2&"]"&CHAR(10)&"Fonte: Arquivo do Estado de São Paulo, "&TEXT(D2,"yyyy")&"." -> Figura n – [Etiqueta de identificação de projeto técnico estrutural da Casa de Detenção de São Paulo (Carandiru) – Acervo CPOS.] Fonte: Arquivo do Estado de São Paulo, Indeterminada. | S2: ="ARQUIVO PÚBLICO DO ESTADO DE SÃO PAULO (Brasil). ["&B2&"]. "&G2&". "&TEXT(D2,"dd")&" "&LOWER(TEXT(D2,"mmm"))&" "&TEXT(D2,"yyyy")&". "&F2&". Disponível em: <link do dataverse>. Acesso em: 28 out. 2025." -> ARQUIVO PÚBLICO DO ESTADO DE SÃO PAULO (Brasil). [Etiqueta de identificação de projeto técnico estrutural da Casa de Detenção de São Paulo (Carandiru) – Acervo CPOS.]. São Paulo, Brasil. Indeterminada indeterminada Indeterminada. Fotografia colorida. Disponível em: <link do dataverse>. Acesso em: 28 out. 2025. | T2: Logotipo: "cpos – soluções de engenharia" Numeração (carimbo): "3350" Manuscrito: "Casa de detenção / Carandiru / Estrutura." Fotografia digital realizada pelas pesquisadoras Maíra Rocha Machado, Bianca Tavolari e Maira Rosín para fins de pesquisa acadêmica, 2025.
A3: =RIGHT(K3,4) -> 002F | B3: Planta de situação e implantação do Complexo Penitenciário do Carandiru (plano aberto). | C3: Item | D3: 19158 | E3: Gerado pelo Dataverse | F3: Fotografia colorida | G3: São Paulo, Brasil | H3: Arquivo Público do Estado de São Paulo, Companhia Paulista de Obras e Serviços | I3: Planta da Casa de Detenção Carandiru | J3: Caixa: 3350 | K3: =TEXTJOIN("", TRUE, Geral!B3:U3) -> BR-SPAPESP_CPOS-PLNCARANDIRU_ICO-PLN-FOT-MT0_3350-0001002F | L3: A Companhia Paulista de Obras e Serviços (CPOS), sucessora das antigas repartições de obras públicas do Estado de São Paulo (como a SACOP e a SVOP), foi a principal responsável pelo projeto, fiscalização e execução da infraestrutura estatal entre 1892 e 2019. Seu acervo cartográfico, atualmente sob custódia do Arquivo Público do Estado de São Paulo (APESP), é o registro técnico vital das edificações públicas paulistas. Ele documenta a materialização de políticas de saúde, educação e segurança através de plantas, cortes e cálculos estruturais de complexos fundamentais, como hospitais, escolas e unidades prisionais (incluindo o Carandiru). | M3: Reprodução fotográfica de um desenho técnico (planta de situação) detalhando a organização espacial e a distribuição dos edifícios no terreno do Carandiru. A planta identifica pavilhões específicos, áreas administrativas, hospitalares e de segurança, delimitadas pelas vias públicas circundantes. | N3: O acesso aos documentos deste acervo está condicionado ao compromisso de não repassá-los a terceiros, à obrigatoriedade de mencionar que os originais pertencem ao Arquivo Público do Estado de São Paulo, e à necessidade de novo Termo de Responsabilidade em caso de reutilização ou uso diverso do inicialmente acordado. O uso está sujeito às restrições previstas na Lei de Arquivos (Lei nº 8.159/1991), na Lei de Direitos Autorais (Lei nº 9.610/1998), nos artigos 138 e 145 do Código Penal, e no artigo 5º, inciso X, da Constituição Federal, especialmente quanto à proteção da honra e imagem de terceiros. A pessoa física ou jurídica responsável assume integral responsabilidade civil e penal por eventuais danos decorrentes do uso das reproduções e informações, eximindo o Arquivo Público do Estado de São Paulo de qualquer responsabilidade. | O3: Carandiru; Casa de Detenção; Planta de Implantação; Arquitetura Prisional; Urbanismo; CPOS; São Paulo. | P3: Fotografia (Iconográfico) | Q3: Digitalização de fotografia em preto e branco (analógica original) | R3: ="Figura n – ["&B3&"]"&CHAR(10)&"Fonte: Arquivo do Estado de São Paulo, "&TEXT(D3,"yyyy")&"." -> Figura n – [Planta de situação e implantação do Complexo Penitenciário do Carandiru (plano aberto).] Fonte: Arquivo do Estado de São Paulo, 1952. | S3: ="ARQUIVO PÚBLICO DO ESTADO DE SÃO PAULO (Brasil). ["&B3&"]. "&G3&". "&TEXT(D3,"dd")&" "&LOWER(TEXT(D3,"mmm"))&" "&TEXT(D3,"yyyy")&". "&F3&". Disponível em: <link do dataverse>. Acesso em: 28 out. 2025." -> ARQUIVO PÚBLICO DO ESTADO DE SÃO PAULO (Brasil). [Planta de situação e implantação do Complexo Penitenciário do Carandiru (plano aberto).]. São Paulo, Brasil. 13 juni 1952. Fotografia colorida. Disponível em: <link do dataverse>. Acesso em: 28 out. 2025. | T3: Transcrição de Áreas: "Presídio Feminino", "Reclusão Primários", "Pavilhão Central", "Administração", "Hospital", "Reclusão Reincidentes", "Primários", "Detenção", "Reincidentes", "Portaria e Corpo da Guarda", "Moradia do Director", "Torre de Observação". Transcrição de Logradouros: "Av. Carandiru", "Rua da Penitenciária", "Av. Cruzeiro do Sul". Dados Cronológicos no Documento: Contém a anotação manuscrita "Alinhamento aprovado pelo Ato 30 de 1950". Estado de Conservação e Captura: O documento original em suporte papel apresenta rasgos e perdas de suporte nas bordas direita e inferior. A fotografia registra o manuseio por pesquisadora utilizando luvas de proteção (rosa). Referência de Arquivo: Conforme o nome do arquivo, o documento integra o acervo da Companhia Paulista de Obras e Serviços (CPOS) sob custódia do APESP. Fotografia digital realizada pelas pesquisadoras Maíra Rocha Machado, Bianca Tavolari e Maira Rosín para fins de pesquisa acadêmica, 2025.
A4: =RIGHT(K4,4) -> 003F | B4: Planta de situação e implantação do Complexo Penitenciário do Carandiru (em detalhe). | C4: Item | D4: 19158 | E4: Gerado pelo Dataverse | F4: Fotografia colorida | G4: São Paulo, Brasil | H4: Arquivo Público do Estado de São Paulo, Companhia Paulista de Obras e Serviços | I4: Planta da Casa de Detenção Carandiru | J4: Caixa: 3350 | K4: =TEXTJOIN("", TRUE, Geral!B4:U4) -> BR-SPAPESP_CPOS-PLNCARANDIRU_ICO-PLN-FOT-MT0_3350-0001003F | L4: A Companhia Paulista de Obras e Serviços (CPOS), sucessora das antigas repartições de obras públicas do Estado de São Paulo (como a SACOP e a SVOP), foi a principal responsável pelo projeto, fiscalização e execução da infraestrutura estatal entre 1892 e 2019. Seu acervo cartográfico, atualmente sob custódia do Arquivo Público do Estado de São Paulo (APESP), é o registro técnico vital das edificações públicas paulistas. Ele documenta a materialização de políticas de saúde, educação e segurança através de plantas, cortes e cálculos estruturais de complexos fundamentais, como hospitais, escolas e unidades prisionais (incluindo o Carandiru). | M4: Detalhamento da distribuição dos pavilhões numerados e alas hospitalares. | N4: O acesso aos documentos deste acervo está condicionado ao compromisso de não repassá-los a terceiros, à obrigatoriedade de mencionar que os originais pertencem ao Arquivo Público do Estado de São Paulo, e à necessidade de novo Termo de Responsabilidade em caso de reutilização ou uso diverso do inicialmente acordado. O uso está sujeito às restrições previstas na Lei de Arquivos (Lei nº 8.159/1991), na Lei de Direitos Autorais (Lei nº 9.610/1998), nos artigos 138 e 145 do Código Penal, e no artigo 5º, inciso X, da Constituição Federal, especialmente quanto à proteção da honra e imagem de terceiros. A pessoa física ou jurídica responsável assume integral responsabilidade civil e penal por eventuais danos decorrentes do uso das reproduções e informações, eximindo o Arquivo Público do Estado de São Paulo de qualquer responsabilidade. | O4: =O3 -> Carandiru; Casa de Detenção; Planta de Implantação; Arquitetura Prisional; Urbanismo; CPOS; São Paulo. | P4: Fotografia (Iconográfico) | Q4: Digitalização de fotografia em preto e branco (analógica original) | R4: ="Figura n – ["&B4&"]"&CHAR(10)&"Fonte: Arquivo do Estado de São Paulo, "&TEXT(D4,"yyyy")&"." -> Figura n – [Planta de situação e implantação do Complexo Penitenciário do Carandiru (em detalhe).] Fonte: Arquivo do Estado de São Paulo, 1952. | S4: ="ARQUIVO PÚBLICO DO ESTADO DE SÃO PAULO (Brasil). ["&B4&"]. "&G4&". "&TEXT(D4,"dd")&" "&LOWER(TEXT(D4,"mmm"))&" "&TEXT(D4,"yyyy")&". "&F4&". Disponível em: <link do dataverse>. Acesso em: 28 out. 2025." -> ARQUIVO PÚBLICO DO ESTADO DE SÃO PAULO (Brasil). [Planta de situação e implantação do Complexo Penitenciário do Carandiru (em detalhe).]. São Paulo, Brasil. 13 juni 1952. Fotografia colorida. Disponível em: <link do dataverse>. Acesso em: 28 out. 2025. | T4: =T3 -> Transcrição de Áreas: "Presídio Feminino", "Reclusão Primários", "Pavilhão Central", "Administração", "Hospital", "Reclusão Reincidentes", "Primários", "Detenção", "Reincidentes", "Portaria e Corpo da Guarda", "Moradia do Director", "Torre de Observação". Transcrição de Logradouros: "Av. Carandiru", "Rua da Penitenciária", "Av. Cruzeiro do Sul". Dados Cronológicos no Documento: Contém a anotação manuscrita "Alinhamento aprovado pelo Ato 30 de 1950". Estado de Conservação e Captura: O documento original em suporte papel apresenta rasgos e perdas de suporte nas bordas direita e inferior. A fotografia registra o manuseio por pesquisadora utilizando luvas de proteção (rosa). Referência de Arquivo: Conforme o nome do arquivo, o documento integra o acervo da Companhia Paulista de Obras e Serviços (CPOS) sob custódia do APESP. Fotografia digital realizada pelas pesquisadoras Maíra Rocha Machado, Bianca Tavolari e Maira Rosín para fins de pesquisa acadêmica, 2025.
A5: =RIGHT(K5,4) -> 004F | B5: Detalhe de título, escala e logradouro – Planta de Situação do Carandiru. | C5: Item | D5: 19158 | E5: Gerado pelo Dataverse | F5: Fotografia colorida | G5: São Paulo, Brasil | H5: Arquivo Público do Estado de São Paulo, Companhia Paulista de Obras e Serviços | I5: Planta da Casa de Detenção Carandiru | J5: Caixa: 3350 | K5: =TEXTJOIN("", TRUE, Geral!B5:U5) -> BR-SPAPESP_CPOS-PLNCARANDIRU_ICO-PLN-FOT-MT0_3350-0001004F | L5: A Companhia Paulista de Obras e Serviços (CPOS), sucessora das antigas repartições de obras públicas do Estado de São Paulo (como a SACOP e a SVOP), foi a principal responsável pelo projeto, fiscalização e execução da infraestrutura estatal entre 1892 e 2019. Seu acervo cartográfico, atualmente sob custódia do Arquivo Público do Estado de São Paulo (APESP), é o registro técnico vital das edificações públicas paulistas. Ele documenta a materialização de políticas de saúde, educação e segurança através de plantas, cortes e cálculos estruturais de complexos fundamentais, como hospitais, escolas e unidades prisionais (incluindo o Carandiru). | M5: Enquadramento macro da legenda técnica e orientação pela Av. Cruzeiro do Sul. | N5: O acesso aos documentos deste acervo está condicionado ao compromisso de não repassá-los a terceiros, à obrigatoriedade de mencionar que os originais pertencem ao Arquivo Público do Estado de São Paulo, e à necessidade de novo Termo de Responsabilidade em caso de reutilização ou uso diverso do inicialmente acordado. O uso está sujeito às restrições previstas na Lei de Arquivos (Lei nº 8.159/1991), na Lei de Direitos Autorais (Lei nº 9.610/1998), nos artigos 138 e 145 do Código Penal, e no artigo 5º, inciso X, da Constituição Federal, especialmente quanto à proteção da honra e imagem de terceiros. A pessoa física ou jurídica responsável assume integral responsabilidade civil e penal por eventuais danos decorrentes do uso das reproduções e informações, eximindo o Arquivo Público do Estado de São Paulo de qualquer responsabilidade. | O5: Identificação Técnica; Escala 1:1.000; Av. Cruzeiro do Sul; Detalhe Cartográfico. | P5: Fotografia (Iconográfico) | Q5: Digitalização de fotografia em preto e branco (analógica original) | R5: ="Figura n – ["&B5&"]"&CHAR(10)&"Fonte: Arquivo do Estado de São Paulo, "&TEXT(D5,"yyyy")&"." -> Figura n – [Detalhe de título, escala e logradouro – Planta de Situação do Carandiru.] Fonte: Arquivo do Estado de São Paulo, 1952. | S5: ="ARQUIVO PÚBLICO DO ESTADO DE SÃO PAULO (Brasil). ["&B5&"]. "&G5&". "&TEXT(D5,"dd")&" "&LOWER(TEXT(D5,"mmm"))&" "&TEXT(D5,"yyyy")&". "&F5&". Disponível em: <link do dataverse>. Acesso em: 28 out. 2025." -> ARQUIVO PÚBLICO DO ESTADO DE SÃO PAULO (Brasil). [Detalhe de título, escala e logradouro – Planta de Situação do Carandiru.]. São Paulo, Brasil. 13 juni 1952. Fotografia colorida. Disponível em: <link do dataverse>. Acesso em: 28 out. 2025. | T5: Transcrição do título e escala: "PLANTA DE SITUAÇÃO / ESC: 1:1.000". Visível a indicação do logradouro "AV. CRUZEIRO DO SUL" e coordenadas de alinhamento. Fotografia digital realizada pelas pesquisadoras Maíra Rocha Machado, Bianca Tavolari e Maira Rosín para fins de pesquisa acadêmica, 2025.
A6: =RIGHT(K6,4) -> 005F | B6: Planta de situação do Complexo Penitenciário do Carandiru – Vista Superior de Conjunto. | C6: Item | D6: 19158 | E6: Gerado pelo Dataverse | F6: Fotografia colorida | G6: São Paulo, Brasil | H6: Arquivo Público do Estado de São Paulo, Companhia Paulista de Obras e Serviços | I6: Planta da Casa de Detenção Carandiru | J6: Caixa: 3350 | K6: =TEXTJOIN("", TRUE, Geral!B6:U6) -> BR-SPAPESP_CPOS-PLNCARANDIRU_ICO-PLN-FOT-MT0_3350-0001005F | L6: A Companhia Paulista de Obras e Serviços (CPOS), sucessora das antigas repartições de obras públicas do Estado de São Paulo (como a SACOP e a SVOP), foi a principal responsável pelo projeto, fiscalização e execução da infraestrutura estatal entre 1892 e 2019. Seu acervo cartográfico, atualmente sob custódia do Arquivo Público do Estado de São Paulo (APESP), é o registro técnico vital das edificações públicas paulistas. Ele documenta a materialização de políticas de saúde, educação e segurança através de plantas, cortes e cálculos estruturais de complexos fundamentais, como hospitais, escolas e unidades prisionais (incluindo o Carandiru). | M6: Foco na orientação geográfica (Rosa dos Ventos) e limite com a Av. Carandiru. | N6: O acesso aos documentos deste acervo está condicionado ao compromisso de não repassá-los a terceiros, à obrigatoriedade de mencionar que os originais pertencem ao Arquivo Público do Estado de São Paulo, e à necessidade de novo Termo de Responsabilidade em caso de reutilização ou uso diverso do inicialmente acordado. O uso está sujeito às restrições previstas na Lei de Arquivos (Lei nº 8.159/1991), na Lei de Direitos Autorais (Lei nº 9.610/1998), nos artigos 138 e 145 do Código Penal, e no artigo 5º, inciso X, da Constituição Federal, especialmente quanto à proteção da honra e imagem de terceiros. A pessoa física ou jurídica responsável assume integral responsabilidade civil e penal por eventuais danos decorrentes do uso das reproduções e informações, eximindo o Arquivo Público do Estado de São Paulo de qualquer responsabilidade. | O6: Planta de Situação; Limite de Terreno; Carandiru; Vista de Conjunto. | P6: Fotografia (Iconográfico) | Q6: Digitalização de fotografia em preto e branco (analógica original) | R6: ="Figura n – ["&B6&"]"&CHAR(10)&"Fonte: Arquivo do Estado de São Paulo, "&TEXT(D6,"yyyy")&"." -> Figura n – [Planta de situação do Complexo Penitenciário do Carandiru – Vista Superior de Conjunto.] Fonte: Arquivo do Estado de São Paulo, 1952. | S6: ="ARQUIVO PÚBLICO DO ESTADO DE SÃO PAULO (Brasil). ["&B6&"]. "&G6&". "&TEXT(D6,"dd")&" "&LOWER(TEXT(D6,"mmm"))&" "&TEXT(D6,"yyyy")&". "&F6&". Disponível em: <link do dataverse>. Acesso em: 28 out. 2025." -> ARQUIVO PÚBLICO DO ESTADO DE SÃO PAULO (Brasil). [Planta de situação do Complexo Penitenciário do Carandiru – Vista Superior de Conjunto.]. São Paulo, Brasil. 13 juni 1952. Fotografia colorida. Disponível em: <link do dataverse>. Acesso em: 28 out. 2025. | T6: Fotografia digital realizada pelas pesquisadoras Maíra Rocha Machado, Bianca Tavolari e Maira Rosín para fins de pesquisa acadêmica, 2025.
A7: =RIGHT(K7,4) -> 006F | B7: Desenho técnico de corte transversal de torre de observação – Carandiru. | C7: Item | D7: 19158 | E7: Gerado pelo Dataverse | F7: Fotografia colorida | G7: São Paulo, Brasil | H7: Arquivo Público do Estado de São Paulo, Companhia Paulista de Obras e Serviços | I7: Planta da Casa de Detenção Carandiru | J7: Caixa: 3350 | K7: =TEXTJOIN("", TRUE, Geral!B7:U7) -> BR-SPAPESP_CPOS-PLNCARANDIRU_ICO-PLN-FOT-MT0_3350-0001006F | L7: A Companhia Paulista de Obras e Serviços (CPOS), sucessora das antigas repartições de obras públicas do Estado de São Paulo (como a SACOP e a SVOP), foi a principal responsável pelo projeto, fiscalização e execução da infraestrutura estatal entre 1892 e 2019. Seu acervo cartográfico, atualmente sob custódia do Arquivo Público do Estado de São Paulo (APESP), é o registro técnico vital das edificações públicas paulistas. Ele documenta a materialização de políticas de saúde, educação e segurança através de plantas, cortes e cálculos estruturais de complexos fundamentais, como hospitais, escolas e unidades prisionais (incluindo o Carandiru). | M7: Desenho técnico detalhando a escada em caracol e o topo da guarita. | N7: O acesso aos documentos deste acervo está condicionado ao compromisso de não repassá-los a terceiros, à obrigatoriedade de mencionar que os originais pertencem ao Arquivo Público do Estado de São Paulo, e à necessidade de novo Termo de Responsabilidade em caso de reutilização ou uso diverso do inicialmente acordado. O uso está sujeito às restrições previstas na Lei de Arquivos (Lei nº 8.159/1991), na Lei de Direitos Autorais (Lei nº 9.610/1998), nos artigos 138 e 145 do Código Penal, e no artigo 5º, inciso X, da Constituição Federal, especialmente quanto à proteção da honra e imagem de terceiros. A pessoa física ou jurídica responsável assume integral responsabilidade civil e penal por eventuais danos decorrentes do uso das reproduções e informações, eximindo o Arquivo Público do Estado de São Paulo de qualquer responsabilidade. | O7: Carandiru, Casa de Detenção, Arquitetura Prisional, CPOS, APESP, Engenharia Estrutural, História Administrativa | P7: Fotografia (Iconográfico) | Q7: Digitalização de fotografia em preto e branco (analógica original) | R7: ="Figura n – ["&B7&"]"&CHAR(10)&"Fonte: Arquivo do Estado de São Paulo, "&TEXT(D7,"yyyy")&"." -> Figura n – [Desenho técnico de corte transversal de torre de observação – Carandiru.] Fonte: Arquivo do Estado de São Paulo, 1952. | S7: ="ARQUIVO PÚBLICO DO ESTADO DE SÃO PAULO (Brasil). ["&B7&"]. "&G7&". "&TEXT(D7,"dd")&" "&LOWER(TEXT(D7,"mmm"))&" "&TEXT(D7,"yyyy")&". "&F7&". Disponível em: <link do dataverse>. Acesso em: 28 out. 2025." -> ARQUIVO PÚBLICO DO ESTADO DE SÃO PAULO (Brasil). [Desenho técnico de corte transversal de torre de observação – Carandiru.]. São Paulo, Brasil. 13 juni 1952. Fotografia colorida. Disponível em: <link do dataverse>. Acesso em: 28 out. 2025. | T7: Transcrição técnica: "CORTE C-D / ESC: 1:50". Indicação de material no topo: "FERRO" (haste do para-raios). Relação documental: O desenho integra a mesma prancha técnica que contém a planta de situação. Fotografia digital realizada pelas pesquisadoras Maíra Rocha Machado, Bianca Tavolari e Maira Rosín para fins de pesquisa acadêmica, 2025.
A8: =RIGHT(K8,4) -> 007F | B8: Vista de Prancha: Relação Planta e Detalhe | C8: Item | D8: 19158 | E8: Gerado pelo Dataverse | F8: Fotografia colorida | G8: São Paulo, Brasil | H8: Arquivo Público do Estado de São Paulo, Companhia Paulista de Obras e Serviços | I8: Planta da Casa de Detenção Carandiru | J8: Caixa: 3350 | K8: =TEXTJOIN("", TRUE, Geral!B8:U8) -> BR-SPAPESP_CPOS-PLNCARANDIRU_ICO-PLN-FOT-MT0_3350-0001007F | L8: A Companhia Paulista de Obras e Serviços (CPOS), sucessora das antigas repartições de obras públicas do Estado de São Paulo (como a SACOP e a SVOP), foi a principal responsável pelo projeto, fiscalização e execução da infraestrutura estatal entre 1892 e 2019. Seu acervo cartográfico, atualmente sob custódia do Arquivo Público do Estado de São Paulo (APESP), é o registro técnico vital das edificações públicas paulistas. Ele documenta a materialização de políticas de saúde, educação e segurança através de plantas, cortes e cálculos estruturais de complexos fundamentais, como hospitais, escolas e unidades prisionais (incluindo o Carandiru). | M8: Registro da coexistência da planta de situação e desenhos de corte na mesma peça física. | N8: O acesso aos documentos deste acervo está condicionado ao compromisso de não repassá-los a terceiros, à obrigatoriedade de mencionar que os originais pertencem ao Arquivo Público do Estado de São Paulo, e à necessidade de novo Termo de Responsabilidade em caso de reutilização ou uso diverso do inicialmente acordado. O uso está sujeito às restrições previstas na Lei de Arquivos (Lei nº 8.159/1991), na Lei de Direitos Autorais (Lei nº 9.610/1998), nos artigos 138 e 145 do Código Penal, e no artigo 5º, inciso X, da Constituição Federal, especialmente quanto à proteção da honra e imagem de terceiros. A pessoa física ou jurídica responsável assume integral responsabilidade civil e penal por eventuais danos decorrentes do uso das reproduções e informações, eximindo o Arquivo Público do Estado de São Paulo de qualquer responsabilidade. | O8: Carandiru, Casa de Detenção, Arquitetura Prisional, CPOS, APESP, Engenharia Estrutural, História Administrativa | P8: Fotografia (Iconográfico) | Q8: Digitalização de fotografia em preto e branco (analógica original) | R8: ="Figura n – ["&B8&"]"&CHAR(10)&"Fonte: Arquivo do Estado de São Paulo, "&TEXT(D8,"yyyy")&"." -> Figura n – [Vista de Prancha: Relação Planta e Detalhe] Fonte: Arquivo do Estado de São Paulo, 1952. | S8: ="ARQUIVO PÚBLICO DO ESTADO DE SÃO PAULO (Brasil). ["&B8&"]. "&G8&". "&TEXT(D8,"dd")&" "&LOWER(TEXT(D8,"mmm"))&" "&TEXT(D8,"yyyy")&". "&F8&". Disponível em: <link do dataverse>. Acesso em: 28 out. 2025." -> ARQUIVO PÚBLICO DO ESTADO DE SÃO PAULO (Brasil). [Vista de Prancha: Relação Planta e Detalhe]. São Paulo, Brasil. 13 juni 1952. Fotografia colorida. Disponível em: <link do dataverse>. Acesso em: 28 out. 2025. | T8: Fotografia digital realizada pelas pesquisadoras Maíra Rocha Machado, Bianca Tavolari e Maira Rosín para fins de pesquisa acadêmica, 2025.
A9: =RIGHT(K9,4) -> 008F | B9: Registro Integral de Suporte Papel | C9: Item | D9: 19158 | E9: Gerado pelo Dataverse | F9: Fotografia colorida | G9: São Paulo, Brasil | H9: Arquivo Público do Estado de São Paulo, Companhia Paulista de Obras e Serviços | I9: Planta da Casa de Detenção Carandiru | J9: Caixa: 3350 | K9: =TEXTJOIN("", TRUE, Geral!B9:U9) -> BR-SPAPESP_CPOS-PLNCARANDIRU_ICO-PLN-FOT-MT0_3350-0001008F | L9: A Companhia Paulista de Obras e Serviços (CPOS), sucessora das antigas repartições de obras públicas do Estado de São Paulo (como a SACOP e a SVOP), foi a principal responsável pelo projeto, fiscalização e execução da infraestrutura estatal entre 1892 e 2019. Seu acervo cartográfico, atualmente sob custódia do Arquivo Público do Estado de São Paulo (APESP), é o registro técnico vital das edificações públicas paulistas. Ele documenta a materialização de políticas de saúde, educação e segurança através de plantas, cortes e cálculos estruturais de complexos fundamentais, como hospitais, escolas e unidades prisionais (incluindo o Carandiru). | M9: Vista total da prancha técnica evidenciando perdas de suporte e dimensões físicas. | N9: O acesso aos documentos deste acervo está condicionado ao compromisso de não repassá-los a terceiros, à obrigatoriedade de mencionar que os originais pertencem ao Arquivo Público do Estado de São Paulo, e à necessidade de novo Termo de Responsabilidade em caso de reutilização ou uso diverso do inicialmente acordado. O uso está sujeito às restrições previstas na Lei de Arquivos (Lei nº 8.159/1991), na Lei de Direitos Autorais (Lei nº 9.610/1998), nos artigos 138 e 145 do Código Penal, e no artigo 5º, inciso X, da Constituição Federal, especialmente quanto à proteção da honra e imagem de terceiros. A pessoa física ou jurídica responsável assume integral responsabilidade civil e penal por eventuais danos decorrentes do uso das reproduções e informações, eximindo o Arquivo Público do Estado de São Paulo de qualquer responsabilidade. | O9: Carandiru, Casa de Detenção, Arquitetura Prisional, CPOS, APESP, Engenharia Estrutural, História Administrativa | P9: Fotografia (Iconográfico) | Q9: Digitalização de fotografia em preto e branco (analógica original) | R9: ="Figura n – ["&B9&"]"&CHAR(10)&"Fonte: Arquivo do Estado de São Paulo, "&TEXT(D9,"yyyy")&"." -> Figura n – [Registro Integral de Suporte Papel] Fonte: Arquivo do Estado de São Paulo, 1952. | S9: ="ARQUIVO PÚBLICO DO ESTADO DE SÃO PAULO (Brasil). ["&B9&"]. "&G9&". "&TEXT(D9,"dd")&" "&LOWER(TEXT(D9,"mmm"))&" "&TEXT(D9,"yyyy")&". "&F9&". Disponível em: <link do dataverse>. Acesso em: 28 out. 2025." -> ARQUIVO PÚBLICO DO ESTADO DE SÃO PAULO (Brasil). [Registro Integral de Suporte Papel]. São Paulo, Brasil. 13 juni 1952. Fotografia colorida. Disponível em: <link do dataverse>. Acesso em: 28 out. 2025. | T9: Fotografia digital realizada pelas pesquisadoras Maíra Rocha Machado, Bianca Tavolari e Maira Rosín para fins de pesquisa acadêmica, 2025.
A10: =RIGHT(K10,4) -> 009F | B10: Detalhe de Fluxo Documental e Controle | C10: Item | D10: 19158 | E10: Gerado pelo Dataverse | F10: Fotografia colorida | G10: São Paulo, Brasil | H10: Arquivo Público do Estado de São Paulo, Companhia Paulista de Obras e Serviços | I10: Planta da Casa de Detenção Carandiru | J10: Caixa: 3350 | K10: =TEXTJOIN("", TRUE, Geral!B10:U10) -> BR-SPAPESP_CPOS-PLNCARANDIRU_ICO-FOT-FOT-MT0_3350-0001009F | L10: A Companhia Paulista de Obras e Serviços (CPOS), sucessora das antigas repartições de obras públicas do Estado de São Paulo (como a SACOP e a SVOP), foi a principal responsável pelo projeto, fiscalização e execução da infraestrutura estatal entre 1892 e 2019. Seu acervo cartográfico, atualmente sob custódia do Arquivo Público do Estado de São Paulo (APESP), é o registro técnico vital das edificações públicas paulistas. Ele documenta a materialização de políticas de saúde, educação e segurança através de plantas, cortes e cálculos estruturais de complexos fundamentais, como hospitais, escolas e unidades prisionais (incluindo o Carandiru). | M10: Carimbos de microfilmagem e encaminhamento administrativo do DEOP. | N10: O acesso aos documentos deste acervo está condicionado ao compromisso de não repassá-los a terceiros, à obrigatoriedade de mencionar que os originais pertencem ao Arquivo Público do Estado de São Paulo, e à necessidade de novo Termo de Responsabilidade em caso de reutilização ou uso diverso do inicialmente acordado. O uso está sujeito às restrições previstas na Lei de Arquivos (Lei nº 8.159/1991), na Lei de Direitos Autorais (Lei nº 9.610/1998), nos artigos 138 e 145 do Código Penal, e no artigo 5º, inciso X, da Constituição Federal, especialmente quanto à proteção da honra e imagem de terceiros. A pessoa física ou jurídica responsável assume integral responsabilidade civil e penal por eventuais danos decorrentes do uso das reproduções e informações, eximindo o Arquivo Público do Estado de São Paulo de qualquer responsabilidade. | O10: Carandiru, Casa de Detenção, Arquitetura Prisional, CPOS, APESP, Engenharia Estrutural, História Administrativa | P10: Fotografia (Iconográfico) | Q10: Digitalização de fotografia em preto e branco (analógica original) | R10: ="Figura n – ["&B10&"]"&CHAR(10)&"Fonte: Arquivo do Estado de São Paulo, "&TEXT(D10,"yyyy")&"." -> Figura n – [Detalhe de Fluxo Documental e Controle] Fonte: Arquivo do Estado de São Paulo, 1952. | S10: ="ARQUIVO PÚBLICO DO ESTADO DE SÃO PAULO (Brasil). ["&B10&"]. "&G10&". "&TEXT(D10,"dd")&" "&LOWER(TEXT(D10,"mmm"))&" "&TEXT(D10,"yyyy")&". "&F10&". Disponível em: <link do dataverse>. Acesso em: 28 out. 2025." -> ARQUIVO PÚBLICO DO ESTADO DE SÃO PAULO (Brasil). [Detalhe de Fluxo Documental e Controle]. São Paulo, Brasil. 13 juni 1952. Fotografia colorida. Disponível em: <link do dataverse>. Acesso em: 28 out. 2025. | T10: Fotografia digital realizada pelas pesquisadoras Maíra Rocha Machado, Bianca Tavolari e Maira Rosín para fins de pesquisa acadêmica, 2025.
A11: =RIGHT(K11,4) -> 010F | B11: Projeto de Execução: Fundações do Corpo da Guarda | C11: Item | D11: 19158 | E11: Gerado pelo Dataverse | F11: Fotografia colorida | G11: São Paulo, Brasil | H11: Arquivo Público do Estado de São Paulo, Companhia Paulista de Obras e Serviços | I11: Planta da Casa de Detenção Carandiru | J11: Caixa: 3350 | K11: =TEXTJOIN("", TRUE, Geral!B11:U11) -> BR-SPAPESP_CPOS-PLNCARANDIRU_ICO-FOT-FOT-MT0_3350-0001010F | L11: A Companhia Paulista de Obras e Serviços (CPOS), sucessora das antigas repartições de obras públicas do Estado de São Paulo (como a SACOP e a SVOP), foi a principal responsável pelo projeto, fiscalização e execução da infraestrutura estatal entre 1892 e 2019. Seu acervo cartográfico, atualmente sob custódia do Arquivo Público do Estado de São Paulo (APESP), é o registro técnico vital das edificações públicas paulistas. Ele documenta a materialização de políticas de saúde, educação e segurança através de plantas, cortes e cálculos estruturais de complexos fundamentais, como hospitais, escolas e unidades prisionais (incluindo o Carandiru). | M11: Planta de locação de estacas e pilares do acesso principal. | N11: O acesso aos documentos deste acervo está condicionado ao compromisso de não repassá-los a terceiros, à obrigatoriedade de mencionar que os originais pertencem ao Arquivo Público do Estado de São Paulo, e à necessidade de novo Termo de Responsabilidade em caso de reutilização ou uso diverso do inicialmente acordado. O uso está sujeito às restrições previstas na Lei de Arquivos (Lei nº 8.159/1991), na Lei de Direitos Autorais (Lei nº 9.610/1998), nos artigos 138 e 145 do Código Penal, e no artigo 5º, inciso X, da Constituição Federal, especialmente quanto à proteção da honra e imagem de terceiros. A pessoa física ou jurídica responsável assume integral responsabilidade civil e penal por eventuais danos decorrentes do uso das reproduções e informações, eximindo o Arquivo Público do Estado de São Paulo de qualquer responsabilidade. | O11: Carandiru, Casa de Detenção, Arquitetura Prisional, CPOS, APESP, Engenharia Estrutural, História Administrativa | P11: Fotografia (Iconográfico) | Q11: Digitalização de fotografia em preto e branco (analógica original) | R11: ="Figura n – ["&B11&"]"&CHAR(10)&"Fonte: Arquivo do Estado de São Paulo, "&TEXT(D11,"yyyy")&"." -> Figura n – [Projeto de Execução: Fundações do Corpo da Guarda] Fonte: Arquivo do Estado de São Paulo, 1952. | S11: ="ARQUIVO PÚBLICO DO ESTADO DE SÃO PAULO (Brasil). ["&B11&"]. "&G11&". "&TEXT(D11,"dd")&" "&LOWER(TEXT(D11,"mmm"))&" "&TEXT(D11,"yyyy")&". "&F11&". Disponível em: <link do dataverse>. Acesso em: 28 out. 2025." -> ARQUIVO PÚBLICO DO ESTADO DE SÃO PAULO (Brasil). [Projeto de Execução: Fundações do Corpo da Guarda]. São Paulo, Brasil. 13 juni 1952. Fotografia colorida. Disponível em: <link do dataverse>. Acesso em: 28 out. 2025. | T11: Fotografia digital realizada pelas pesquisadoras Maíra Rocha Machado, Bianca Tavolari e Maira Rosín para fins de pesquisa acadêmica, 2025.
A12: =RIGHT(K12,4) -> 011F | B12: Detalhe Estrutural: Pilares dos Pavilhões 8 e 9 | C12: Item | D12: 19158 | E12: Gerado pelo Dataverse | F12: Fotografia colorida | G12: São Paulo, Brasil | H12: Arquivo Público do Estado de São Paulo, Companhia Paulista de Obras e Serviços | I12: Planta da Casa de Detenção Carandiru | J12: Caixa: 3350 | K12: =TEXTJOIN("", TRUE, Geral!B12:U12) -> BR-SPAPESP_CPOS-PLNCARANDIRU_ICO-PLN-FOT-MT0_3350-0001011F | L12: A Companhia Paulista de Obras e Serviços (CPOS), sucessora das antigas repartições de obras públicas do Estado de São Paulo (como a SACOP e a SVOP), foi a principal responsável pelo projeto, fiscalização e execução da infraestrutura estatal entre 1892 e 2019. Seu acervo cartográfico, atualmente sob custódia do Arquivo Público do Estado de São Paulo (APESP), é o registro técnico vital das edificações públicas paulistas. Ele documenta a materialização de políticas de saúde, educação e segurança através de plantas, cortes e cálculos estruturais de complexos fundamentais, como hospitais, escolas e unidades prisionais (incluindo o Carandiru). | M12: Desenho técnico de locação das bases estruturais para detenção de primários e reincidentes. | N12: O acesso aos documentos deste acervo está condicionado ao compromisso de não repassá-los a terceiros, à obrigatoriedade de mencionar que os originais pertencem ao Arquivo Público do Estado de São Paulo, e à necessidade de novo Termo de Responsabilidade em caso de reutilização ou uso diverso do inicialmente acordado. O uso está sujeito às restrições previstas na Lei de Arquivos (Lei nº 8.159/1991), na Lei de Direitos Autorais (Lei nº 9.610/1998), nos artigos 138 e 145 do Código Penal, e no artigo 5º, inciso X, da Constituição Federal, especialmente quanto à proteção da honra e imagem de terceiros. A pessoa física ou jurídica responsável assume integral responsabilidade civil e penal por eventuais danos decorrentes do uso das reproduções e informações, eximindo o Arquivo Público do Estado de São Paulo de qualquer responsabilidade. | O12: Carandiru, Casa de Detenção, Arquitetura Prisional, CPOS, APESP, Engenharia Estrutural, História Administrativa | P12: Fotografia (Iconográfico) | Q12: Digitalização de fotografia em preto e branco (analógica original) | R12: ="Figura n – ["&B12&"]"&CHAR(10)&"Fonte: Arquivo do Estado de São Paulo, "&TEXT(D12,"yyyy")&"." -> Figura n – [Detalhe Estrutural: Pilares dos Pavilhões 8 e 9] Fonte: Arquivo do Estado de São Paulo, 1952. | S12: ="ARQUIVO PÚBLICO DO ESTADO DE SÃO PAULO (Brasil). ["&B12&"]. "&G12&". "&TEXT(D12,"dd")&" "&LOWER(TEXT(D12,"mmm"))&" "&TEXT(D12,"yyyy")&". "&F12&". Disponível em: <link do dataverse>. Acesso em: 28 out. 2025." -> ARQUIVO PÚBLICO DO ESTADO DE SÃO PAULO (Brasil). [Detalhe Estrutural: Pilares dos Pavilhões 8 e 9]. São Paulo, Brasil. 13 juni 1952. Fotografia colorida. Disponível em: <link do dataverse>. Acesso em: 28 out. 2025. | T12: Fotografia digital realizada pelas pesquisadoras Maíra Rocha Machado, Bianca Tavolari e Maira Rosín para fins de pesquisa acadêmica, 2025.
A13: =RIGHT(K13,4) -> 012F | B13: Projeto de Estaqueamento: Detenção de réus primários | C13: Item | D13: 19158 | E13: Gerado pelo Dataverse | F13: Fotografia colorida | G13: São Paulo, Brasil | H13: Arquivo Público do Estado de São Paulo, Companhia Paulista de Obras e Serviços | I13: Planta da Casa de Detenção Carandiru | J13: Caixa: 3350 | K13: =TEXTJOIN("", TRUE, Geral!B13:U13) -> BR-SPAPESP_CPOS-PLNCARANDIRU_ICO-FOT-FOT-MT0_3350-0001012F | L13: A Companhia Paulista de Obras e Serviços (CPOS), sucessora das antigas repartições de obras públicas do Estado de São Paulo (como a SACOP e a SVOP), foi a principal responsável pelo projeto, fiscalização e execução da infraestrutura estatal entre 1892 e 2019. Seu acervo cartográfico, atualmente sob custódia do Arquivo Público do Estado de São Paulo (APESP), é o registro técnico vital das edificações públicas paulistas. Ele documenta a materialização de políticas de saúde, educação e segurança através de plantas, cortes e cálculos estruturais de complexos fundamentais, como hospitais, escolas e unidades prisionais (incluindo o Carandiru). | M13: Especificações de carga e profundidade para as fundações do setor de primários. | N13: O acesso aos documentos deste acervo está condicionado ao compromisso de não repassá-los a terceiros, à obrigatoriedade de mencionar que os originais pertencem ao Arquivo Público do Estado de São Paulo, e à necessidade de novo Termo de Responsabilidade em caso de reutilização ou uso diverso do inicialmente acordado. O uso está sujeito às restrições previstas na Lei de Arquivos (Lei nº 8.159/1991), na Lei de Direitos Autorais (Lei nº 9.610/1998), nos artigos 138 e 145 do Código Penal, e no artigo 5º, inciso X, da Constituição Federal, especialmente quanto à proteção da honra e imagem de terceiros. A pessoa física ou jurídica responsável assume integral responsabilidade civil e penal por eventuais danos decorrentes do uso das reproduções e informações, eximindo o Arquivo Público do Estado de São Paulo de qualquer responsabilidade. | O13: Carandiru, Casa de Detenção, Arquitetura Prisional, CPOS, APESP, Engenharia Estrutural, História Administrativa | P13: Fotografia (Iconográfico) | Q13: Digitalização de fotografia em preto e branco (analógica original) | R13: ="Figura n – ["&B13&"]"&CHAR(10)&"Fonte: Arquivo do Estado de São Paulo, "&TEXT(D13,"yyyy")&"." -> Figura n – [Projeto de Estaqueamento: Detenção de réus primários] Fonte: Arquivo do Estado de São Paulo, 1952. | S13: ="ARQUIVO PÚBLICO DO ESTADO DE SÃO PAULO (Brasil). ["&B13&"]. "&G13&". "&TEXT(D13,"dd")&" "&LOWER(TEXT(D13,"mmm"))&" "&TEXT(D13,"yyyy")&". "&F13&". Disponível em: <link do dataverse>. Acesso em: 28 out. 2025." -> ARQUIVO PÚBLICO DO ESTADO DE SÃO PAULO (Brasil). [Projeto de Estaqueamento: Detenção de réus primários]. São Paulo, Brasil. 13 juni 1952. Fotografia colorida. Disponível em: <link do dataverse>. Acesso em: 28 out. 2025. | T13: Fotografia digital realizada pelas pesquisadoras Maíra Rocha Machado, Bianca Tavolari e Maira Rosín para fins de pesquisa acadêmica, 2025.
A14: =RIGHT(K14,4) -> 013F | B14: Projeto de Estaqueamento: Detenção de Reincidentes | C14: Item | D14: 19158 | E14: Gerado pelo Dataverse | F14: Fotografia colorida | G14: São Paulo, Brasil | H14: Arquivo Público do Estado de São Paulo, Companhia Paulista de Obras e Serviços | I14: Planta da Casa de Detenção Carandiru | J14: Caixa: 3350 | K14: =TEXTJOIN("", TRUE, Geral!B14:U14) -> BR-SPAPESP_CPOS-PLNCARANDIRU_ICO-FOT-FOT-MT0_3350-0001013F | L14: A Companhia Paulista de Obras e Serviços (CPOS), sucessora das antigas repartições de obras públicas do Estado de São Paulo (como a SACOP e a SVOP), foi a principal responsável pelo projeto, fiscalização e execução da infraestrutura estatal entre 1892 e 2019. Seu acervo cartográfico, atualmente sob custódia do Arquivo Público do Estado de São Paulo (APESP), é o registro técnico vital das edificações públicas paulistas. Ele documenta a materialização de políticas de saúde, educação e segurança através de plantas, cortes e cálculos estruturais de complexos fundamentais, como hospitais, escolas e unidades prisionais (incluindo o Carandiru). | M14: Detalhamento das 592 estacas previstas para o Pavilhão 9. | N14: O acesso aos documentos deste acervo está condicionado ao compromisso de não repassá-los a terceiros, à obrigatoriedade de mencionar que os originais pertencem ao Arquivo Público do Estado de São Paulo, e à necessidade de novo Termo de Responsabilidade em caso de reutilização ou uso diverso do inicialmente acordado. O uso está sujeito às restrições previstas na Lei de Arquivos (Lei nº 8.159/1991), na Lei de Direitos Autorais (Lei nº 9.610/1998), nos artigos 138 e 145 do Código Penal, e no artigo 5º, inciso X, da Constituição Federal, especialmente quanto à proteção da honra e imagem de terceiros. A pessoa física ou jurídica responsável assume integral responsabilidade civil e penal por eventuais danos decorrentes do uso das reproduções e informações, eximindo o Arquivo Público do Estado de São Paulo de qualquer responsabilidade. | O14: Carandiru, Casa de Detenção, Arquitetura Prisional, CPOS, APESP, Engenharia Estrutural, História Administrativa | P14: Fotografia (Iconográfico) | Q14: Digitalização de fotografia em preto e branco (analógica original) | R14: ="Figura n – ["&B14&"]"&CHAR(10)&"Fonte: Arquivo do Estado de São Paulo, "&TEXT(D14,"yyyy")&"." -> Figura n – [Projeto de Estaqueamento: Detenção de Reincidentes] Fonte: Arquivo do Estado de São Paulo, 1952. | S14: ="ARQUIVO PÚBLICO DO ESTADO DE SÃO PAULO (Brasil). ["&B14&"]. "&G14&". "&TEXT(D14,"dd")&" "&LOWER(TEXT(D14,"mmm"))&" "&TEXT(D14,"yyyy")&". "&F14&". Disponível em: <link do dataverse>. Acesso em: 28 out. 2025." -> ARQUIVO PÚBLICO DO ESTADO DE SÃO PAULO (Brasil). [Projeto de Estaqueamento: Detenção de Reincidentes]. São Paulo, Brasil. 13 juni 1952. Fotografia colorida. Disponível em: <link do dataverse>. Acesso em: 28 out. 2025. | T14: Fotografia digital realizada pelas pesquisadoras Maíra Rocha Machado, Bianca Tavolari e Maira Rosín para fins de pesquisa acadêmica, 2025.

Sheet Classificação
B1: Local (país) | C1: Local (estado) | D1: Designação do repositório | E1: Designação do conjunto documental (FUNDO) | F1: Designação do subconjunto documental | G1: Gênero documental | H1: Espécie/Tipo documental | I1: Técnica de registro | J1: Forma documental | K1: Unidade de descrição
A2: Conteúdo | B2: Obrigatório | C2: Obrigatório | D2: Obrigatório | E2: Obrigatório | F2: Opcional | G2: Opcional | H2: Opcional | I2: Opcional | J2: Opcional | K2: Obrigatório
A3: Plantas | D3: Arquivo Público do Estado de São Paulo | E3: Companhia Paulista de Obras e Serviços | F3: Planta da Casa de Detenção Carandiru | G3: Iconográfico | H3: Planta | I3: Fotografia | J3: Matriz bruta (produção manual) | K3: Cx. e página
B4: BR | C4: SP | D4: APESP | E4: CPOS | F4: PLNCARANDIRU | G4: ICO | H4: PLN | I4: FOT | J4: MT0 | K4: 3350-0001
