Workbook

Sheet Geral
B1: Local (país) | D1: Local (estado) | E1: Designação do repositório | G1: Designação do conjunto documental | I1: Designação do subconjunto documental | K1: Gênero documental | M1: Espécie/Tipo documental | O1: Técnica de registro | Q1: Forma documental | S1: Unidade de descrição
A2: 1 | B2: BR | C2: - | D2: SP | E2: GPDVE | F2: _ | G2: NOTICIAS | H2: - | I2: MASSACRE-CSDTCARANDIRU | J2: _ | K2: AVS | L2: - | M2: NOT | N2: - | O2: NDT | P2: - | Q2: DT1 | R2: _ | S2: 0001- | T2: 001 | V2: .mp4
A3: 2 | B3: BR | C3: - | D3: SP | E3: GPDVE | F3: _ | G3: NOTICIAS | H3: - | I3: MASSACRE-CSDTCARANDIRU | J3: _ | K3: AVS | L3: - | M3: NOT | N3: - | O3: NDT | P3: - | Q3: DT1 | R3: _ | S3: 0001- | T3: 002 | V3: .mp4
A4: 3 | B4: BR | C4: - | D4: SP | E4: GPDVE | F4: _ | G4: NOTICIAS | H4: - | I4: DEMOLICAO-CSDTCARANDIRU | J4: _ | K4: AVS | L4: - | M4: NOT | N4: - | O4: NDT | P4: - | Q4: DT1 | R4: _ | S4: 0001- | T4: 001 | V4: .mp4
A5: 4 | B5: BR | C5: - | D5: SP | E5: GPDVE | F5: _ | G5: NOTICIAS | H5: - | I5: DEMOLICAO-CSDTCARANDIRU | J5: _ | K5: AVS | L5: - | M5: NOT | N5: - | O5: NDT | P5: - | Q5: DT1 | R5: _ | S5: 0001- | T5: 002 | V5: .mp4
A6: 5 | B6: BR | C6: - | D6: SP | E6: GPDVE | F6: _ | G6: NOTICIAS | H6: - | I6: DEMOLICAO-CSDTCARANDIRU | J6: _ | K6: AVS | L6: - | M6: NOT | N6: - | O6: NDT | P6: - | Q6: DT1 | R6: _ | S6: 0001- | T6: 003 | V6: .mp4
A7: 6 | B7: BR | C7: - | D7: SP | E7: GPDVE | F7: _ | G7: NOTICIAS | H7: - | I7: DEMOLICAO-CSDTCARANDIRU | J7: _ | K7: AVS | L7: - | M7: NOT | N7: - | O7: NDT | P7: - | Q7: DT1 | R7: _ | S7: 0001- | T7: 004 | V7: .mp4
A8: 7 | B8: BR | C8: - | D8: SP | E8: GPDVE | F8: _ | G8: NOTICIAS | H8: - | I8: DEMOLICAO-CSDTCARANDIRU | J8: _ | K8: AVS | L8: - | M8: NOT | N8: - | O8: NDT | P8: - | Q8: DT1 | R8: _ | S8: 0001- | T8: 005 | V8: .mp4
A9: 8 | B9: BR | C9: - | D9: SP | E9: GPDVE | F9: _ | G9: NOTICIAS | H9: - | I9: DEMOLICAO-CSDTCARANDIRU | J9: _ | K9: AVS | L9: - | M9: NOT | N9: - | O9: NDT | P9: - | Q9: DT1 | R9: _ | S9: 0001- | T9: 006 | V9: .mp4
A10: 9 | B10: BR | C10: - | D10: SP | E10: GPDVE | F10: _ | G10: NOTICIAS | H10: - | I10: DEMOLICAO-CSDTCARANDIRU | J10: _ | K10: AVS | L10: - | M10: NOT | N10: - | O10: NDT | P10: - | Q10: DT1 | R10: _ | S10: 0001- | T10: 007 | V10: .mp4
A11: 10 | B11: BR | C11: - | D11: SP | E11: GPDVE | F11: _ | G11: NOTICIAS | H11: - | I11: DEMOLICAO-CSDTCARANDIRU | J11: _ | K11: AVS | L11: - | M11: NOT | N11: - | O11: NDT | P11: - | Q11: DT1 | R11: _ | S11: 0001- | T11: 008 | V11: .mp4
A12: 11 | B12: BR | C12: - | D12: SP | E12: GPDVE | F12: _ | G12: NOTICIAS | H12: - | I12: DEMOLICAO-CSDTCARANDIRU | J12: _ | K12: AVS | L12: - | M12: NOT | N12: - | O12: NDT | P12: - | Q12: DT1 | R12: _ | S12: 0001- | T12: 009 | V12: .mp4
A13: 12 | B13: BR | C13: - | D13: SP | E13: GPDVE | F13: _ | G13: NOTICIAS | H13: - | I13: DEMOLICAO-CSDTCARANDIRU | J13: _ | K13: AVS | L13: - | M13: NOT | N13: - | O13: NDT | P13: - | Q13: DT1 | R13: _ | S13: 0001- | T13: 010 | V13: .mp4
... A34: 34 | B34: BR | C34: - | D34: SP | E34: GPDVE | F34: _ | G34: NOTICIAS | H34: - | I34: DEMOLICAO-CSDTCARANDIRU | J34: _ | K34: AVS | L34: - | M34: NOT | N34: - | O34: NDT | P34: - | Q34: DT1 | R34: _ | S34: 0001- | T34: 031 | V34: .mp4
A35: 36 | B35: BR | C35: - | D35: SP | E35: GPDVE | F35: _ | G35: NOTICIAS | H35: - | I35: ORIGINALDVD-CSDTCARANDIRU | J35: _ | K35: AVS | L35: - | M35: NOT | N35: - | O35: NDT | P35: - | Q35: DTX | R35: _ | S35: 0001- | T35: 001 | U35: 001 | V35: .VOB
A36: 37 | B36: BR | C36: - | D36: SP | E36: GPDVE | F36: _ | G36: NOTICIAS | H36: - | I36: ORIGINALDVD-CSDTCARANDIRU | J36: _ | K36: AVS | L36: - | M36: NOT | N36: - | O36: NDT | P36: - | Q36: DTX | R36: _ | S36: 0001- | T36: 001 | U36: 002 | V36: .VOB
A37: 38 | B37: BR | C37: - | D37: SP | E37: GPDVE | F37: _ | G37: NOTICIAS | H37: - | I37: ORIGINALDVD-CSDTCARANDIRU | J37: _ | K37: AVS | L37: - | M37: NOT | N37: - | O37: NDT | P37: - | Q37: DTX | R37: _ | S37: 0001- | T37: 001 | U37: 003 | V37: .IFO
A38: 39 | B38: BR | C38: - | D38: SP | E38: GPDVE | F38: _ | G38: NOTICIAS | H38: - | I38: ORIGINALDVD-CSDTCARANDIRU | J38: _ | K38: AVS | L38: - | M38: NOT | N38: - | O38: NDT | P38: - | Q38: DTX | R38: _ | S38: 0001- | T38: 001 | U38: 004 | V38: .IFO
A39: 40 | B39: BR | C39: - | D39: SP | E39: GPDVE | F39: _ | G39: NOTICIAS | H39: - | I39: ORIGINALDVD-CSDTCARANDIRU | J39: _ | K39: AVS | L39: - | M39: NOT | N39: - | O39: NDT | P39: - | Q39: DTX | R39: _ | S39: 0001- | T39: 001 | U39: 005 | V39: .BUP
A40: 41 | B40: BR | C40: - | D40: SP | E40: GPDVE | F40: _ | G40: NOTICIAS | H40: - | I40: ORIGINALDVD2-CSDTCARANDIRU | J40: _ | K40: AVS | L40: - | M40: NOT | N40: - | O40: NDT | P40: - | Q40: DTX | R40: _ | S40: 0001- | T40: 001 | U40: 006 | V40: .BUP
A41: 42 | B41: BR | C41: - | D41: SP | E41: GPDVE | F41: _ | G41: NOTICIAS | H41: - | I41: ORIGINALDVD2-CSDTCARANDIRU | J41: _ | K41: AVS | L41: - | M41: NOT | N41: - | O41: NDT | P41: - | Q41: DTX | R41: _ | S41: 0001- | T41: 001 | U41: 001 | V41: BUP
A42: 43 | B42: BR | C42: - | D42: SP | E42: GPDVE | F42: _ | G42: NOTICIAS | H42: - | I42: ORIGINALDVD2-CSDTCARANDIRU | J42: _ | K42: AVS | L42: - | M42: NOT | N42: - | O42: NDT | P42: - | Q42: DTX | R42: _ | S42: 0001- | T42: 001 | U42: 002 | V42: IFO
A43: 44 | B43: BR | C43: - | D43: SP | E43: GPDVE | F43: _ | G43: NOTICIAS | H43: - | I43: ORIGINALDVD2-CSDTCARANDIRU | J43: _ | K43: AVS | L43: - | M43: NOT | N43: - | O43: NDT | P43: - | Q43: DTX | R43: _ | S43: 0001- | T43: 001 | U43: 003 | V43: VOB
A44: 45 | B44: BR | C44: - | D44: SP | E44: GPDVE | F44: _ | G44: NOTICIAS | H44: - | I44: ORIGINALDVD2-CSDTCARANDIRU | J44: _ | K44: AVS | L44: - | M44: NOT | N44: - | O44: NDT | P44: - | Q44: DTX | R44: _ | S44: 0001- | T44: 001 | U44: 004 | V44: BUP
A45: 46 | B45: BR | C45: - | D45: SP | E45: GPDVE | F45: _ | G45: NOTICIAS | H45: - | I45: ORIGINALDVD2-CSDTCARANDIRU | J45: _ | K45: AVS | L45: - | M45: NOT | N45: - | O45: NDT | P45: - | Q45: DTX | R45: _ | S45: 0001- | T45: 001 | U45: 005 | V45: VOB
A46: 47 | B46: BR | C46: - | D46: SP | E46: GPDVE | F46: _ | G46: NOTICIAS | H46: - | I46: ORIGINALDVD2-CSDTCARANDIRU | J46: _ | K46: AVS | L46: - | M46: NOT | N46: - | O46: NDT | P46: - | Q46: DTX | R46: _ | S46: 0001- | T46: 001 | U46: 006 | V46: VOB
A47: 48 | B47: BR | C47: - | D47: SP | E47: GPDVE | F47: _ | G47: NOTICIAS | H47: - | I47: ORIGINALDVD2-CSDTCARANDIRU | J47: _ | K47: AVS | L47: - | M47: NOT | N47: - | O47: NDT | P47: - | Q47: DTX | R47: _ | S47: 0001- | T47: 001 | U47: 007 | V47: VOB

Sheet Demolicao
A1: Cód. | B1: Título descritivo (atribuído) | C1: Nível de descrição | D1: Data | E1: Duração | F1: Suporte | G1: Local | H1: Autor/Responsável | I1: Denominação do catálogo temático (GPDVE ARCOENGE) | J1: Localização | K1: Código de referência | L1: História arquivística | M1: Conteúdo/Assunto | N1: Condições de acesso e reprodução | O1: Palavras-chave | P1: Gênero | Q1: Técnica de registro | R1: Legenda para publicações | S1: Citação ABNT | T1: Notas
A2: =MID(K2, LEN(K2)-6, 3) -> 001 | B2: Trecho de reportagem da Rede Bandeirantes, veiculada no programa Primeiro Jornal em 2005. | C2: Item | D2: 38550 | E2: 0.0014351852 | F2: Originalmente DVD (suporte físico óptico). Com tratamento, tornou-se arquivo eletrônico (MP4) em suporte digital/nato-digital | G2: São Paulo, Brasil | H2: Grupo de Pesquisa em Direito e Violência de Estado | I2: Notícias - Demolição - Casa de Detenção do Carandiru | J2: Pasta: 0001 | K2: =TEXTJOIN("", TRUE, Geral!B4:V4) -> BR-SPGPDVE_NOTICIAS-DEMOLICAO-CSDTCARANDIRU_AVS-NOT-NDT-DT1_0001-001.mp4 | L2: Verificar com a professora Maíra | M2: Demolição dos pavilhões 2 e 5 da casa de detenção do Carandiru. Trecho de reportagem da Rede Bandeirantes, veiculada no programa Primeiro Jornal em 2005. | N2: O acesso aos documentos deste acervo está condicionado ao compromisso de não repassá-los a terceiros, à obrigatoriedade de mencionar que os originais pertencem ao GPDVE (?), e à necessidade de novo Termo de Responsabilidade em caso de reutilização ou uso diverso do inicialmente acordado. O uso está sujeito às restrições previstas na Lei de Arquivos (Lei nº 8.159/1991), na Lei de Direitos Autorais (Lei nº 9.610/1998), nos artigos 138 e 145 do Código Penal, e no artigo 5º, inciso X, da Constituição Federal, especialmente quanto à proteção da honra e imagem de terceiros. A pessoa física ou jurídica responsável assume integral responsabilidade civil e penal por eventuais danos decorrentes do uso das reproduções e informações, eximindo o GPDVE de qualquer responsabilidade. | O2: Sistema prisional; Demolição; Implosão; Casa de Detenção de São Paulo; Carandiru | P2: Audiovisual | Q2: Possivelmente, filmagem digital ou vídeo digital. Optou-se por "não determinado" por incerteza quanto ao processo da técnica. | R2: ="Figura n – ["&B2&"]"&CHAR(10)&"Fonte: BANDEIRANTES, "&TEXT(D2,"yyyy")&"." -> Figura n – [Trecho de reportagem da Rede Bandeirantes, veiculada no programa Primeiro Jornal em 2005.] Fonte: BANDEIRANTES, 2005. | S2: ="BANDEIRANTES. ["&B2&"]. "&G2&". "&TEXT(D2,"dd")&" "&LOWER(TEXT(D2,"mmm"))&" "&TEXT(D2,"yyyy")&". "&F2&". Disponível em: <link do dataverse>. Acesso em: 21 mai. 2026." -> BANDEIRANTES. [Trecho de reportagem da Rede Bandeirantes, veiculada no programa Primeiro Jornal em 2005.]. São Paulo, Brasil. 17 jul. 2005. Originalmente DVD (suporte físico óptico). Com tratamento, tornou-se arquivo eletrônico (MP4) em suporte digital/nato-digital. Disponível em: <link do dataverse>. Acesso em: 21 mai. 2026. | T2: Este item pertencia à pasta intitulada "Implosão carandiru - noticiário".
A3: =MID(K3, LEN(K3)-6, 3) -> 002 | B3: Trecho de reportagem da TV Cultura, veiculada sobre o Carandiru em 2005. | C3: Item | D3: 38550 | E3: 0.0067361111 | F3: Originalmente DVD (suporte físico óptico). Com tratamento, tornou-se arquivo eletrônico (MP4) em suporte digital/nato-digital | G3: São Paulo, Brasil | H3: Grupo de Pesquisa em Direito e Violência de Estado | I3: Notícias - Demolição - Casa de Detenção do Carandiru | J3: Pasta: 0001 | K3: =TEXTJOIN("", TRUE, Geral!B5:V5) -> BR-SPGPDVE_NOTICIAS-DEMOLICAO-CSDTCARANDIRU_AVS-NOT-NDT-DT1_0001-002.mp4 | L3: =Demolicao!$L$2 -> Verificar com a professora Maíra | M3: Demolição dos pavilhões 2 e 5 da casa de detenção do Carandiru. Trecho de reportagem da TV Cultura, veiculada sobre o Carandiru (arquivo mesclado) em 2005. | N3: =Demolicao!$N$2 -> O acesso aos documentos deste acervo está condicionado ao compromisso de não repassá-los a terceiros, à obrigatoriedade de mencionar que os originais pertencem ao GPDVE (?), e à necessidade de novo Termo de Responsabilidade em caso de reutilização ou uso diverso do inicialmente acordado. O uso está sujeito às restrições previstas na Lei de Arquivos (Lei nº 8.159/1991), na Lei de Direitos Autorais (Lei nº 9.610/1998), nos artigos 138 e 145 do Código Penal, e no artigo 5º, inciso X, da Constituição Federal, especialmente quanto à proteção da honra e imagem de terceiros. A pessoa física ou jurídica responsável assume integral responsabilidade civil e penal por eventuais danos decorrentes do uso das reproduções e informações, eximindo o GPDVE de qualquer responsabilidade. | O3: Sistema prisional; Demolição; Implosão; Casa de Detenção de São Paulo; Carandiru | P3: Audiovisual | Q3: Possivelmente, filmagem digital ou vídeo digital. Optou-se por "não determinado" por incerteza quanto ao processo da técnica. | R3: ="Figura n – ["&B3&"]"&CHAR(10)&"Fonte: TV CULTURA, "&TEXT(D3,"yyyy")&"." -> Figura n – [Trecho de reportagem da TV Cultura, veiculada sobre o Carandiru em 2005.] Fonte: TV CULTURA, 2005. | S3: ="TV CULTURA. ["&B3&"]. "&G3&". "&TEXT(D3,"dd")&" "&LOWER(TEXT(D3,"mmm"))&" "&TEXT(D3,"yyyy")&". "&F3&". Disponível em: <link do dataverse>. Acesso em: 21 mai. 2026." -> TV CULTURA. [Trecho de reportagem da TV Cultura, veiculada sobre o Carandiru em 2005.]. São Paulo, Brasil. 17 jul. 2005. Originalmente DVD (suporte físico óptico). Com tratamento, tornou-se arquivo eletrônico (MP4) em suporte digital/nato-digital. Disponível em: <link do dataverse>. Acesso em: 21 mai. 2026. | T3: Este item pertencia à pasta intitulada "Implosão carandiru - noticiário".
A4: =MID(K4, LEN(K4)-6, 3) -> 003 | B4: Trecho de reportagem da TV Cultura, veiculada no programa Jornal da Cultura em 2005. | C4: Item | D4: 38550 | E4: 0.00086805556 | F4: Originalmente DVD (suporte físico óptico). Com tratamento, tornou-se arquivo eletrônico (MP4) em suporte digital/nato-digital | G4: São Paulo, Brasil | H4: Grupo de Pesquisa em Direito e Violência de Estado | I4: Notícias - Demolição - Casa de Detenção do Carandiru | J4: Pasta: 0001 | K4: =TEXTJOIN("", TRUE, Geral!B6:V6) -> BR-SPGPDVE_NOTICIAS-DEMOLICAO-CSDTCARANDIRU_AVS-NOT-NDT-DT1_0001-003.mp4 | L4: =Demolicao!$L$2 -> Verificar com a professora Maíra | M4: Demolição dos pavilhões 2 e 5 da casa de detenção do Carandiru. Trecho de reportagem da TV Cultura, veiculada no programa Jornal da Cultura em 2005. | N4: =Demolicao!$N$2 -> O acesso aos documentos deste acervo está condicionado ao compromisso de não repassá-los a terceiros, à obrigatoriedade de mencionar que os originais pertencem ao GPDVE (?), e à necessidade de novo Termo de Responsabilidade em caso de reutilização ou uso diverso do inicialmente acordado. O uso está sujeito às restrições previstas na Lei de Arquivos (Lei nº 8.159/1991), na Lei de Direitos Autorais (Lei nº 9.610/1998), nos artigos 138 e 145 do Código Penal, e no artigo 5º, inciso X, da Constituição Federal, especialmente quanto à proteção da honra e imagem de terceiros. A pessoa física ou jurídica responsável assume integral responsabilidade civil e penal por eventuais danos decorrentes do uso das reproduções e informações, eximindo o GPDVE de qualquer responsabilidade. | O4: Sistema prisional; Demolição; Implosão; Casa de Detenção de São Paulo; Carandiru | P4: Audiovisual | Q4: Possivelmente, filmagem digital ou vídeo digital. Optou-se por "não determinado" por incerteza quanto ao processo da técnica. | R4: ="Figura n – ["&B4&"]"&CHAR(10)&"Fonte: TV CULTURA, "&TEXT(D4,"yyyy")&"." -> Figura n – [Trecho de reportagem da TV Cultura, veiculada no programa Jornal da Cultura em 2005.] Fonte: TV CULTURA, 2005. | S4: ="TV CULTURA. ["&B4&"]. "&G4&". "&TEXT(D4,"dd")&" "&LOWER(TEXT(D4,"mmm"))&" "&TEXT(D4,"yyyy")&". "&F4&". Disponível em: <link do dataverse>. Acesso em: 21 mai. 2026." -> TV CULTURA. [Trecho de reportagem da TV Cultura, veiculada no programa Jornal da Cultura em 2005.]. São Paulo, Brasil. 17 jul. 2005. Originalmente DVD (suporte físico óptico). Com tratamento, tornou-se arquivo eletrônico (MP4) em suporte digital/nato-digital. Disponível em: <link do dataverse>. Acesso em: 21 mai. 2026. | T4: Este item pertencia à pasta intitulada "Implosão carandiru - noticiário".
A5: =MID(K5, LEN(K5)-6, 3) -> 004 | B5: Trecho de reportagem da TV Cultura, veiculada no programa Diário Paulista em 2005. | C5: Item | D5: 38550 | E5: 0.0014467593 | F5: Originalmente DVD (suporte físico óptico). Com tratamento, tornou-se arquivo eletrônico (MP4) em suporte digital/nato-digital | G5: São Paulo, Brasil | H5: Grupo de Pesquisa em Direito e Violência de Estado | I5: Notícias - Demolição - Casa de Detenção do Carandiru | J5: Pasta: 0001 | K5: =TEXTJOIN("", TRUE, Geral!B7:V7) -> BR-SPGPDVE_NOTICIAS-DEMOLICAO-CSDTCARANDIRU_AVS-NOT-NDT-DT1_0001-004.mp4 | L5: =Demolicao!$L$2 -> Verificar com a professora Maíra | M5: Demolição dos pavilhões 2 e 5 da casa de detenção do Carandiru. Trecho de reportagem da TV Cultura, veiculada no programa Diário Paulista em 2005. | N5: =Demolicao!$N$2 -> O acesso aos documentos deste acervo está condicionado ao compromisso de não repassá-los a terceiros, à obrigatoriedade de mencionar que os originais pertencem ao GPDVE (?), e à necessidade de novo Termo de Responsabilidade em caso de reutilização ou uso diverso do inicialmente acordado. O uso está sujeito às restrições previstas na Lei de Arquivos (Lei nº 8.159/1991), na Lei de Direitos Autorais (Lei nº 9.610/1998), nos artigos 138 e 145 do Código Penal, e no artigo 5º, inciso X, da Constituição Federal, especialmente quanto à proteção da honra e imagem de terceiros. A pessoa física ou jurídica responsável assume integral responsabilidade civil e penal por eventuais danos decorrentes do uso das reproduções e informações, eximindo o GPDVE de qualquer responsabilidade. | O5: Sistema prisional; Demolição; Implosão; Casa de Detenção de São Paulo; Carandiru | P5: Audiovisual | Q5: Possivelmente, filmagem digital ou vídeo digital. Optou-se por "não determinado" por incerteza quanto ao processo da técnica. | R5: ="Figura n – ["&B5&"]"&CHAR(10)&"Fonte: TV CULTURA, "&TEXT(D5,"yyyy")&"." -> Figura n – [Trecho de reportagem da TV Cultura, veiculada no programa Diário Paulista em 2005.] Fonte: TV CULTURA, 2005. | S5: ="TV CULTURA. ["&B5&"]. "&G5&". "&TEXT(D5,"dd")&" "&LOWER(TEXT(D5,"mmm"))&" "&TEXT(D5,"yyyy")&". "&F5&". Disponível em: <link do dataverse>. Acesso em: 21 mai. 2026." -> TV CULTURA. [Trecho de reportagem da TV Cultura, veiculada no programa Diário Paulista em 2005.]. São Paulo, Brasil. 17 jul. 2005. Originalmente DVD (suporte físico óptico). Com tratamento, tornou-se arquivo eletrônico (MP4) em suporte digital/nato-digital. Disponível em: <link do dataverse>. Acesso em: 21 mai. 2026. | T5: Este item pertencia à pasta intitulada "Implosão carandiru - noticiário".
A6: =MID(K6, LEN(K6)-6, 3) -> 005 | B6: Trecho de reportagem da TV Cultura, veiculada no programa Jornal da Cultura (Edição de Sábado) em 2005. | C6: Item | D6: 38550 | E6: 0.0014583333 | F6: Originalmente DVD (suporte físico óptico). Com tratamento, tornou-se arquivo eletrônico (MP4) em suporte digital/nato-digital | G6: São Paulo, Brasil | H6: Grupo de Pesquisa em Direito e Violência de Estado | I6: Notícias - Demolição - Casa de Detenção do Carandiru | J6: Pasta: 0001 | K6: =TEXTJOIN("", TRUE, Geral!B8:V8) -> BR-SPGPDVE_NOTICIAS-DEMOLICAO-CSDTCARANDIRU_AVS-NOT-NDT-DT1_0001-005.mp4 | L6: =Demolicao!$L$2 -> Verificar com a professora Maíra | M6: Demolição dos pavilhões 2 e 5 da casa de detenção do Carandiru. Trecho de reportagem da TV Cultura, veiculada no programa Jornal da Cultura (Edição de Sábado) em 2005. | N6: =Demolicao!$N$2 -> O acesso aos documentos deste acervo está condicionado ao compromisso de não repassá-los a terceiros, à obrigatoriedade de mencionar que os originais pertencem ao GPDVE (?), e à necessidade de novo Termo de Responsabilidade em caso de reutilização ou uso diverso do inicialmente acordado. O uso está sujeito às restrições previstas na Lei de Arquivos (Lei nº 8.159/1991), na Lei de Direitos Autorais (Lei nº 9.610/1998), nos artigos 138 e 145 do Código Penal, e no artigo 5º, inciso X, da Constituição Federal, especialmente quanto à proteção da honra e imagem de terceiros. A pessoa física ou jurídica responsável assume integral responsabilidade civil e penal por eventuais danos decorrentes do uso das reproduções e informações, eximindo o GPDVE de qualquer responsabilidade. | O6: Sistema prisional; Demolição; Implosão; Casa de Detenção de São Paulo; Carandiru | P6: Audiovisual | Q6: Possivelmente, filmagem digital ou vídeo digital. Optou-se por "não determinado" por incerteza quanto ao processo da técnica. | R6: ="Figura n – ["&B6&"]"&CHAR(10)&"Fonte: TV CULTURA, "&TEXT(D6,"yyyy")&"." -> Figura n – [Trecho de reportagem da TV Cultura, veiculada no programa Jornal da Cultura (Edição de Sábado) em 2005.] Fonte: TV CULTURA, 2005. | S6: ="TV CULTURA. ["&B6&"]. "&G6&". "&TEXT(D6,"dd")&" "&LOWER(TEXT(D6,"mmm"))&" "&TEXT(D6,"yyyy")&". "&F6&". Disponível em: <link do dataverse>. Acesso em: 21 mai. 2026." -> TV CULTURA. [Trecho de reportagem da TV Cultura, veiculada no programa Jornal da Cultura (Edição de Sábado) em 2005.]. São Paulo, Brasil. 17 jul. 2005. Originalmente DVD (suporte físico óptico). Com tratamento, tornou-se arquivo eletrônico (MP4) em suporte digital/nato-digital. Disponível em: <link do dataverse>. Acesso em: 21 mai. 2026. | T6: Este item pertencia à pasta intitulada "Implosão carandiru - noticiário".
A7: =MID(K7, LEN(K7)-6, 3) -> 006 | B7: Trecho de reportagem da TV Gazeta, veiculada no programa Jornal da Gazeta em 2005. | C7: Item | D7: 38550 | E7: 0.0027199074 | F7: Originalmente DVD (suporte físico óptico). Com tratamento, tornou-se arquivo eletrônico (MP4) em suporte digital/nato-digital | G7: São Paulo, Brasil | H7: Grupo de Pesquisa em Direito e Violência de Estado | I7: Notícias - Demolição - Casa de Detenção do Carandiru | J7: Pasta: 0001 | K7: =TEXTJOIN("", TRUE, Geral!B9:V9) -> BR-SPGPDVE_NOTICIAS-DEMOLICAO-CSDTCARANDIRU_AVS-NOT-NDT-DT1_0001-006.mp4 | L7: =Demolicao!$L$2 -> Verificar com a professora Maíra | M7: Demolição dos pavilhões 2 e 5 da casa de detenção do Carandiru. Trecho de reportagem da TV Gazeta, veiculada no programa Jornal da Gazeta (Completo) em 2005. | N7: =Demolicao!$N$2 -> O acesso aos documentos deste acervo está condicionado ao compromisso de não repassá-los a terceiros, à obrigatoriedade de mencionar que os originais pertencem ao GPDVE (?), e à necessidade de novo Termo de Responsabilidade em caso de reutilização ou uso diverso do inicialmente acordado. O uso está sujeito às restrições previstas na Lei de Arquivos (Lei nº 8.159/1991), na Lei de Direitos Autorais (Lei nº 9.610/1998), nos artigos 138 e 145 do Código Penal, e no artigo 5º, inciso X, da Constituição Federal, especialmente quanto à proteção da honra e imagem de terceiros. A pessoa física ou jurídica responsável assume integral responsabilidade civil e penal por eventuais danos decorrentes do uso das reproduções e informações, eximindo o GPDVE de qualquer responsabilidade. | O7: Sistema prisional; Demolição; Implosão; Casa de Detenção de São Paulo; Carandiru | P7: Audiovisual | Q7: Possivelmente, filmagem digital ou vídeo digital. Optou-se por "não determinado" por incerteza quanto ao processo da técnica. | R7: ="Figura n – ["&B7&"]"&CHAR(10)&"Fonte: TV GAZETA, "&TEXT(D7,"yyyy")&"." -> Figura n – [Trecho de reportagem da TV Gazeta, veiculada no programa Jornal da Gazeta em 2005.] Fonte: TV GAZETA, 2005. | S7: ="TC GAZETA. ["&B7&"]. "&G7&". "&TEXT(D7,"dd")&" "&LOWER(TEXT(D7,"mmm"))&" "&TEXT(D7,"yyyy")&". "&F7&". Disponível em: <link do dataverse>. Acesso em: 21 mai. 2026." -> TC GAZETA. [Trecho de reportagem da TV Gazeta, veiculada no programa Jornal da Gazeta em 2005.]. São Paulo, Brasil. 17 jul. 2005. Originalmente DVD (suporte físico óptico). Com tratamento, tornou-se arquivo eletrônico (MP4) em suporte digital/nato-digital. Disponível em: <link do dataverse>. Acesso em: 21 mai. 2026. | T7: Este item pertencia à pasta intitulada "Implosão carandiru - noticiário".
A8: =MID(K8, LEN(K8)-6, 3) -> 007 | B8: Trecho de reportagem da TV Gazeta, veiculada no programa Jornal da Gazeta em 2005. | C8: Item | D8: 38550 | E8: 0.00040509259 | F8: Originalmente DVD (suporte físico óptico). Com tratamento, tornou-se arquivo eletrônico (MP4) em suporte digital/nato-digital | G8: São Paulo, Brasil | H8: Grupo de Pesquisa em Direito e Violência de Estado | I8: Notícias - Demolição - Casa de Detenção do Carandiru | J8: Pasta: 0001 | K8: =TEXTJOIN("", TRUE, Geral!B10:V10) -> BR-SPGPDVE_NOTICIAS-DEMOLICAO-CSDTCARANDIRU_AVS-NOT-NDT-DT1_0001-007.mp4 | L8: =Demolicao!$L$2 -> Verificar com a professora Maíra | M8: Demolição dos pavilhões 2 e 5 da casa de detenção do Carandiru. Trecho de reportagem da TV Gazeta, veiculada no programa Jornal da Gazeta em 2005. | N8: =Demolicao!$N$2 -> O acesso aos documentos deste acervo está condicionado ao compromisso de não repassá-los a terceiros, à obrigatoriedade de mencionar que os originais pertencem ao GPDVE (?), e à necessidade de novo Termo de Responsabilidade em caso de reutilização ou uso diverso do inicialmente acordado. O uso está sujeito às restrições previstas na Lei de Arquivos (Lei nº 8.159/1991), na Lei de Direitos Autorais (Lei nº 9.610/1998), nos artigos 138 e 145 do Código Penal, e no artigo 5º, inciso X, da Constituição Federal, especialmente quanto à proteção da honra e imagem de terceiros. A pessoa física ou jurídica responsável assume integral responsabilidade civil e penal por eventuais danos decorrentes do uso das reproduções e informações, eximindo o GPDVE de qualquer responsabilidade. | O8: Sistema prisional; Demolição; Implosão; Casa de Detenção de São Paulo; Carandiru | P8: Audiovisual | Q8: Possivelmente, filmagem digital ou vídeo digital. Optou-se por "não determinado" por incerteza quanto ao processo da técnica. | R8: ="Figura n – ["&B8&"]"&CHAR(10)&"Fonte: TV GAZETA, "&TEXT(D8,"yyyy")&"." -> Figura n – [Trecho de reportagem da TV Gazeta, veiculada no programa Jornal da Gazeta em 2005.] Fonte: TV GAZETA, 2005. | S8: ="TC GAZETA. ["&B8&"]. "&G8&". "&TEXT(D8,"dd")&" "&LOWER(TEXT(D8,"mmm"))&" "&TEXT(D8,"yyyy")&". "&F8&". Disponível em: <link do dataverse>. Acesso em: 21 mai. 2026." -> TC GAZETA. [Trecho de reportagem da TV Gazeta, veiculada no programa Jornal da Gazeta em 2005.]. São Paulo, Brasil. 17 jul. 2005. Originalmente DVD (suporte físico óptico). Com tratamento, tornou-se arquivo eletrônico (MP4) em suporte digital/nato-digital. Disponível em: <link do dataverse>. Acesso em: 21 mai. 2026. | T8: Este item pertencia à pasta intitulada "Implosão carandiru - noticiário".
A9: =MID(K9, LEN(K9)-6, 3) -> 008 | B9: Trecho de reportagem da Rede Globo, veiculada no programa SPTV em 2005. | C9: Item | D9: 38550 | E9: 0.0028125 | F9: Originalmente DVD (suporte físico óptico). Com tratamento, tornou-se arquivo eletrônico (MP4) em suporte digital/nato-digital | G9: São Paulo, Brasil | H9: Grupo de Pesquisa em Direito e Violência de Estado | I9: Notícias - Demolição - Casa de Detenção do Carandiru | J9: Pasta: 0001 | K9: =TEXTJOIN("", TRUE, Geral!B11:V11) -> BR-SPGPDVE_NOTICIAS-DEMOLICAO-CSDTCARANDIRU_AVS-NOT-NDT-DT1_0001-008.mp4 | L9: =Demolicao!$L$2 -> Verificar com a professora Maíra | M9: Demolição dos pavilhões 2 e 5 da casa de detenção do Carandiru. Trecho de reportagem da Rede Globo, veiculada no programa SPTV em 2005. | N9: =Demolicao!$N$2 -> O acesso aos documentos deste acervo está condicionado ao compromisso de não repassá-los a terceiros, à obrigatoriedade de mencionar que os originais pertencem ao GPDVE (?), e à necessidade de novo Termo de Responsabilidade em caso de reutilização ou uso diverso do inicialmente acordado. O uso está sujeito às restrições previstas na Lei de Arquivos (Lei nº 8.159/1991), na Lei de Direitos Autorais (Lei nº 9.610/1998), nos artigos 138 e 145 do Código Penal, e no artigo 5º, inciso X, da Constituição Federal, especialmente quanto à proteção da honra e imagem de terceiros. A pessoa física ou jurídica responsável assume integral responsabilidade civil e penal por eventuais danos decorrentes do uso das reproduções e informações, eximindo o GPDVE de qualquer responsabilidade. | O9: Sistema prisional; Demolição; Implosão; Casa de Detenção de São Paulo; Carandiru | P9: Audiovisual | Q9: Possivelmente, filmagem digital ou vídeo digital. Optou-se por "não determinado" por incerteza quanto ao processo da técnica. | R9: ="Figura n – ["&B9&"]"&CHAR(10)&"Fonte: GLOBO, "&TEXT(D9,"yyyy")&"." -> Figura n – [Trecho de reportagem da Rede Globo, veiculada no programa SPTV em 2005.] Fonte: GLOBO, 2005. | S9: ="GLOBO. ["&B9&"]. "&G9&". "&TEXT(D9,"dd")&" "&LOWER(TEXT(D9,"mmm"))&" "&TEXT(D9,"yyyy")&". "&F9&". Disponível em: <link do dataverse>. Acesso em: 21 mai. 2026." -> GLOBO. [Trecho de reportagem da Rede Globo, veiculada no programa SPTV em 2005.]. São Paulo, Brasil. 17 jul. 2005. Originalmente DVD (suporte físico óptico). Com tratamento, tornou-se arquivo eletrônico (MP4) em suporte digital/nato-digital. Disponível em: <link do dataverse>. Acesso em: 21 mai. 2026. | T9: Este item pertencia à pasta intitulada "Implosão carandiru - noticiário".
A10: =MID(K10, LEN(K10)-6, 3) -> 009 | B10: Trecho de reportagem da GloboNews, veiculada no programa Em Cima da Hora em 2005. | C10: Item | D10: 38550 | E10: 0.0021180556 | F10: Originalmente DVD (suporte físico óptico). Com tratamento, tornou-se arquivo eletrônico (MP4) em suporte digital/nato-digital | G10: São Paulo, Brasil | H10: Grupo de Pesquisa em Direito e Violência de Estado | I10: Notícias - Demolição - Casa de Detenção do Carandiru | J10: Pasta: 0001 | K10: =TEXTJOIN("", TRUE, Geral!B12:V12) -> BR-SPGPDVE_NOTICIAS-DEMOLICAO-CSDTCARANDIRU_AVS-NOT-NDT-DT1_0001-009.mp4 | L10: =Demolicao!$L$2 -> Verificar com a professora Maíra | M10: Demolição dos pavilhões 2 e 5 da casa de detenção do Carandiru. Trecho de reportagem da GloboNews, veiculada no programa Em Cima da Hora em 2005. | N10: =Demolicao!$N$2 -> O acesso aos documentos deste acervo está condicionado ao compromisso de não repassá-los a terceiros, à obrigatoriedade de mencionar que os originais pertencem ao GPDVE (?), e à necessidade de novo Termo de Responsabilidade em caso de reutilização ou uso diverso do inicialmente acordado. O uso está sujeito às restrições previstas na Lei de Arquivos (Lei nº 8.159/1991), na Lei de Direitos Autorais (Lei nº 9.610/1998), nos artigos 138 e 145 do Código Penal, e no artigo 5º, inciso X, da Constituição Federal, especialmente quanto à proteção da honra e imagem de terceiros. A pessoa física ou jurídica responsável assume integral responsabilidade civil e penal por eventuais danos decorrentes do uso das reproduções e informações, eximindo o GPDVE de qualquer responsabilidade. | O10: Sistema prisional; Demolição; Implosão; Casa de Detenção de São Paulo; Carandiru | P10: Audiovisual | Q10: Possivelmente, filmagem digital ou vídeo digital. Optou-se por "não determinado" por incerteza quanto ao processo da técnica. | R10: ="Figura n – ["&B10&"]"&CHAR(10)&"Fonte: GLOBO NEWS, "&TEXT(D10,"yyyy")&"." -> Figura n – [Trecho de reportagem da GloboNews, veiculada no programa Em Cima da Hora em 2005.] Fonte: GLOBO NEWS, 2005. | S10: ="GLOBO NEWS. ["&B10&"]. "&G10&". "&TEXT(D10,"dd")&" "&LOWER(TEXT(D10,"mmm"))&" "&TEXT(D10,"yyyy")&". "&F10&". Disponível em: <link do dataverse>. Acesso em: 21 mai. 2026." -> GLOBO NEWS. [Trecho de reportagem da GloboNews, veiculada no programa Em Cima da Hora em 2005.]. São Paulo, Brasil. 17 jul. 2005. Originalmente DVD (suporte físico óptico). Com tratamento, tornou-se arquivo eletrônico (MP4) em suporte digital/nato-digital. Disponível em: <link do dataverse>. Acesso em: 21 mai. 2026. | T10: Este item pertencia à pasta intitulada "Implosão carandiru - noticiário".
A11: =MID(K11, LEN(K11)-6, 3) -> 010 | B11: Trecho de reportagem da Rede Globo, veiculada no programa Fantástico em 2005. | C11: Item | D11: 38550 | E11: 0.00053240741 | F11: Originalmente DVD (suporte físico óptico). Com tratamento, tornou-se arquivo eletrônico (MP4) em suporte digital/nato-digital | G11: São Paulo, Brasil | H11: Grupo de Pesquisa em Direito e Violência de Estado | I11: Notícias - Demolição - Casa de Detenção do Carandiru | J11: Pasta: 0001 | K11: =TEXTJOIN("", TRUE, Geral!B13:V13) -> BR-SPGPDVE_NOTICIAS-DEMOLICAO-CSDTCARANDIRU_AVS-NOT-NDT-DT1_0001-010.mp4 | L11: =Demolicao!$L$2 -> Verificar com a professora Maíra | M11: Demolição dos pavilhões 2 e 5 da casa de detenção do Carandiru. Trecho de reportagem da Rede Globo, veiculada no programa Fantástico em 2005. | N11: =Demolicao!$N$2 -> O acesso aos documentos deste acervo está condicionado ao compromisso de não repassá-los a terceiros, à obrigatoriedade de mencionar que os originais pertencem ao GPDVE (?), e à necessidade de novo Termo de Responsabilidade em caso de reutilização ou uso diverso do inicialmente acordado. O uso está sujeito às restrições previstas na Lei de Arquivos (Lei nº 8.159/1991), na Lei de Direitos Autorais (Lei nº 9.610/1998), nos artigos 138 e 145 do Código Penal, e no artigo 5º, inciso X, da Constituição Federal, especialmente quanto à proteção da honra e imagem de terceiros. A pessoa física ou jurídica responsável assume integral responsabilidade civil e penal por eventuais danos decorrentes do uso das reproduções e informações, eximindo o GPDVE de qualquer responsabilidade. | O11: Sistema prisional; Demolição; Implosão; Casa de Detenção de São Paulo; Carandiru | P11: Audiovisual | Q11: Possivelmente, filmagem digital ou vídeo digital. Optou-se por "não determinado" por incerteza quanto ao processo da técnica. | R11: ="Figura n – ["&B11&"]"&CHAR(10)&"Fonte: GLOBO, "&TEXT(D11,"yyyy")&"." -> Figura n – [Trecho de reportagem da Rede Globo, veiculada no programa Fantástico em 2005.] Fonte: GLOBO, 2005. | S11: ="GLOBO. ["&B11&"]. "&G11&". "&TEXT(D11,"dd")&" "&LOWER(TEXT(D11,"mmm"))&" "&TEXT(D11,"yyyy")&". "&F11&". Disponível em: <link do dataverse>. Acesso em: 21 mai. 2026." -> GLOBO. [Trecho de reportagem da Rede Globo, veiculada no programa Fantástico em 2005.]. São Paulo, Brasil. 17 jul. 2005. Originalmente DVD (suporte físico óptico). Com tratamento, tornou-se arquivo eletrônico (MP4) em suporte digital/nato-digital. Disponível em: <link do dataverse>. Acesso em: 21 mai. 2026. | T11: Este item pertencia à pasta intitulada "Implosão carandiru - noticiário".
A12: =MID(K12, LEN(K12)-6, 3) -> 011 | B12: Trecho de reportagem da Rede Globo, veiculada no programa Bom Dia São Paulo [Parte 1] em 2005. | C12: Item | D12: 38550 | E12: 0.0045949074 | F12: Originalmente DVD (suporte físico óptico). Com tratamento, tornou-se arquivo eletrônico (MP4) em suporte digital/nato-digital | G12: São Paulo, Brasil | H12: Grupo de Pesquisa em Direito e Violência de Estado | I12: Notícias - Demolição - Casa de Detenção do Carandiru | J12: Pasta: 0001 | K12: =TEXTJOIN("", TRUE, Geral!B14:V14) -> BR-SPGPDVE_NOTICIAS-DEMOLICAO-CSDTCARANDIRU_AVS-NOT-NDT-DT1_0001-011.mp4 | L12: =Demolicao!$L$2 -> Verificar com a professora Maíra | M12: Demolição dos pavilhões 2 e 5 da casa de detenção do Carandiru. Trecho de reportagem da Rede Globo, veiculada no programa Bom Dia São Paulo [Parte 1] em 2005. | N12: =Demolicao!$N$2 -> O acesso aos documentos deste acervo está condicionado ao compromisso de não repassá-los a terceiros, à obrigatoriedade de mencionar que os originais pertencem ao GPDVE (?), e à necessidade de novo Termo de Responsabilidade em caso de reutilização ou uso diverso do inicialmente acordado. O uso está sujeito às restrições previstas na Lei de Arquivos (Lei nº 8.159/1991), na Lei de Direitos Autorais (Lei nº 9.610/1998), nos artigos 138 e 145 do Código Penal, e no artigo 5º, inciso X, da Constituição Federal, especialmente quanto à proteção da honra e imagem de terceiros. A pessoa física ou jurídica responsável assume integral responsabilidade civil e penal por eventuais danos decorrentes do uso das reproduções e informações, eximindo o GPDVE de qualquer responsabilidade. | O12: Sistema prisional; Demolição; Implosão; Casa de Detenção de São Paulo; Carandiru | P12: Audiovisual | Q12: Possivelmente, filmagem digital ou vídeo digital. Optou-se por "não determinado" por incerteza quanto ao processo da técnica. | R12: ="Figura n – ["&B12&"]"&CHAR(10)&"Fonte: GLOBO, "&TEXT(D12,"yyyy")&"." -> Figura n – [Trecho de reportagem da Rede Globo, veiculada no programa Bom Dia São Paulo [Parte 1] em 2005.] Fonte: GLOBO, 2005. | S12: ="GLOBO. ["&B12&"]. "&G12&". "&TEXT(D12,"dd")&" "&LOWER(TEXT(D12,"mmm"))&" "&TEXT(D12,"yyyy")&". "&F12&". Disponível em: <link do dataverse>. Acesso em: 21 mai. 2026." -> GLOBO. [Trecho de reportagem da Rede Globo, veiculada no programa Bom Dia São Paulo [Parte 1] em 2005.]. São Paulo, Brasil. 17 jul. 2005. Originalmente DVD (suporte físico óptico). Com tratamento, tornou-se arquivo eletrônico (MP4) em suporte digital/nato-digital. Disponível em: <link do dataverse>. Acesso em: 21 mai. 2026. | T12: Este item pertencia à pasta intitulada "Implosão carandiru - noticiário".
A13: =MID(K13, LEN(K13)-6, 3) -> 012 | B13: Trecho de reportagem da Rede Globo, veiculada no programa Bom Dia São Paulo [Parte 2] em 2005. | C13: Item | D13: 38550 | E13: 0.00054398148 | F13: Originalmente DVD (suporte físico óptico). Com tratamento, tornou-se arquivo eletrônico (MP4) em suporte digital/nato-digital | G13: São Paulo, Brasil | H13: Grupo de Pesquisa em Direito e Violência de Estado | I13: Notícias - Demolição - Casa de Detenção do Carandiru | J13: Pasta: 0001 | K13: =TEXTJOIN("", TRUE, Geral!B15:V15) -> BR-SPGPDVE_NOTICIAS-DEMOLICAO-CSDTCARANDIRU_AVS-NOT-NDT-DT1_0001-012.mp4 | L13: =Demolicao!$L$2 -> Verificar com a professora Maíra | M13: Demolição dos pavilhões 2 e 5 da casa de detenção do Carandiru. Trecho de reportagem da Rede Globo, veiculada no programa Bom Dia São Paulo [Parte 2] em 2005. | N13: =Demolicao!$N$2 -> O acesso aos documentos deste acervo está condicionado ao compromisso de não repassá-los a terceiros, à obrigatoriedade de mencionar que os originais pertencem ao GPDVE (?), e à necessidade de novo Termo de Responsabilidade em caso de reutilização ou uso diverso do inicialmente acordado. O uso está sujeito às restrições previstas na Lei de Arquivos (Lei nº 8.159/1991), na Lei de Direitos Autorais (Lei nº 9.610/1998), nos artigos 138 e 145 do Código Penal, e no artigo 5º, inciso X, da Constituição Federal, especialmente quanto à proteção da honra e imagem de terceiros. A pessoa física ou jurídica responsável assume integral responsabilidade civil e penal por eventuais danos decorrentes do uso das reproduções e informações, eximindo o GPDVE de qualquer responsabilidade. | O13: Sistema prisional; Demolição; Implosão; Casa de Detenção de São Paulo; Carandiru | P13: Audiovisual | Q13: Possivelmente, filmagem digital ou vídeo digital. Optou-se por "não determinado" por incerteza quanto ao processo da técnica. | R13: ="Figura n – ["&B13&"]"&CHAR(10)&"Fonte: GLOBO, "&TEXT(D13,"yyyy")&"." -> Figura n – [Trecho de reportagem da Rede Globo, veiculada no programa Bom Dia São Paulo [Parte 2] em 2005.] Fonte: GLOBO, 2005. | S13: ="GLOBO. ["&B13&"]. "&G13&". "&TEXT(D13,"dd")&" "&LOWER(TEXT(D13,"mmm"))&" "&TEXT(D13,"yyyy")&". "&F13&". Disponível em: <link do dataverse>. Acesso em: 21 mai. 2026." -> GLOBO. [Trecho de reportagem da Rede Globo, veiculada no programa Bom Dia São Paulo [Parte 2] em 2005.]. São Paulo, Brasil. 17 jul. 2005. Originalmente DVD (suporte físico óptico). Com tratamento, tornou-se arquivo eletrônico (MP4) em suporte digital/nato-digital. Disponível em: <link do dataverse>. Acesso em: 21 mai. 2026. | T13: Este item pertencia à pasta intitulada "Implosão carandiru - noticiário".
A14: =MID(K14, LEN(K14)-6, 3) -> 013 | B14: Vinheta da Rede Record, veiculada no programa São Paulo no Ar em 2005. | C14: Item | D14: 38550 | E14: 0.0038194444 | F14: Originalmente DVD (suporte físico óptico). Com tratamento, tornou-se arquivo eletrônico (MP4) em suporte digital/nato-digital | G14: São Paulo, Brasil | H14: Grupo de Pesquisa em Direito e Violência de Estado | I14: Notícias - Demolição - Casa de Detenção do Carandiru | J14: Pasta: 0001 | K14: =TEXTJOIN("", TRUE, Geral!B16:V16) -> BR-SPGPDVE_NOTICIAS-DEMOLICAO-CSDTCARANDIRU_AVS-NOT-NDT-DT1_0001-013.mp4 | L14: =Demolicao!$L$2 -> Verificar com a professora Maíra | M14: Vinheta da Rede Record, veiculada no programa São Paulo no Ar em 2005. | N14: =Demolicao!$N$2 -> O acesso aos documentos deste acervo está condicionado ao compromisso de não repassá-los a terceiros, à obrigatoriedade de mencionar que os originais pertencem ao GPDVE (?), e à necessidade de novo Termo de Responsabilidade em caso de reutilização ou uso diverso do inicialmente acordado. O uso está sujeito às restrições previstas na Lei de Arquivos (Lei nº 8.159/1991), na Lei de Direitos Autorais (Lei nº 9.610/1998), nos artigos 138 e 145 do Código Penal, e no artigo 5º, inciso X, da Constituição Federal, especialmente quanto à proteção da honra e imagem de terceiros. A pessoa física ou jurídica responsável assume integral responsabilidade civil e penal por eventuais danos decorrentes do uso das reproduções e informações, eximindo o GPDVE de qualquer responsabilidade. | O14: Sistema prisional; Demolição; Implosão; Casa de Detenção de São Paulo; Carandiru | P14: Audiovisual | Q14: Possivelmente, filmagem digital ou vídeo digital. Optou-se por "não determinado" por incerteza quanto ao processo da técnica. | R14: ="Figura n – ["&B14&"]"&CHAR(10)&"Fonte: RECORD, "&TEXT(D14,"yyyy")&"." -> Figura n – [Vinheta da Rede Record, veiculada no programa São Paulo no Ar em 2005.] Fonte: RECORD, 2005. | S14: ="RECORD. ["&B14&"]. "&G14&". "&TEXT(D14,"dd")&" "&LOWER(TEXT(D14,"mmm"))&" "&TEXT(D14,"yyyy")&". "&F14&". Disponível em: <link do dataverse>. Acesso em: 21 mai. 2026." -> RECORD. [Vinheta da Rede Record, veiculada no programa São Paulo no Ar em 2005.]. São Paulo, Brasil. 17 jul. 2005. Originalmente DVD (suporte físico óptico). Com tratamento, tornou-se arquivo eletrônico (MP4) em suporte digital/nato-digital. Disponível em: <link do dataverse>. Acesso em: 21 mai. 2026. | T14: Este item pertencia à pasta intitulada "Implosão carandiru - noticiário".
A15: =MID(K15, LEN(K15)-6, 3) -> 014 | B15: Trecho de reportagem da Rede Record, veiculada no programa Fala Brasil [Parte 1] em 2005. | C15: Item | D15: 38550 | E15: 0.0022222222 | F15: Originalmente DVD (suporte físico óptico). Com tratamento, tornou-se arquivo eletrônico (MP4) em suporte digital/nato-digital | G15: São Paulo, Brasil | H15: Grupo de Pesquisa em Direito e Violência de Estado | I15: Notícias - Demolição - Casa de Detenção do Carandiru | J15: Pasta: 0001 | K15: =TEXTJOIN("", TRUE, Geral!B17:V17) -> BR-SPGPDVE_NOTICIAS-DEMOLICAO-CSDTCARANDIRU_AVS-NOT-NDT-DT1_0001-014.mp4 | L15: =Demolicao!$L$2 -> Verificar com a professora Maíra | M15: Demolição dos pavilhões 2 e 5 da casa de detenção do Carandiru. Trecho de reportagem da Rede Record, veiculada no programa Fala Brasil [Parte 1] em 2005. | N15: =Demolicao!$N$2 -> O acesso aos documentos deste acervo está condicionado ao compromisso de não repassá-los a terceiros, à obrigatoriedade de mencionar que os originais pertencem ao GPDVE (?), e à necessidade de novo Termo de Responsabilidade em caso de reutilização ou uso diverso do inicialmente acordado. O uso está sujeito às restrições previstas na Lei de Arquivos (Lei nº 8.159/1991), na Lei de Direitos Autorais (Lei nº 9.610/1998), nos artigos 138 e 145 do Código Penal, e no artigo 5º, inciso X, da Constituição Federal, especialmente quanto à proteção da honra e imagem de terceiros. A pessoa física ou jurídica responsável assume integral responsabilidade civil e penal por eventuais danos decorrentes do uso das reproduções e informações, eximindo o GPDVE de qualquer responsabilidade. | O15: Sistema prisional; Demolição; Implosão; Casa de Detenção de São Paulo; Carandiru | P15: Audiovisual | Q15: Possivelmente, filmagem digital ou vídeo digital. Optou-se por "não determinado" por incerteza quanto ao processo da técnica. | R15: ="Figura n – ["&B15&"]"&CHAR(10)&"Fonte: RECORD, "&TEXT(D15,"yyyy")&"." -> Figura n – [Trecho de reportagem da Rede Record, veiculada no programa Fala Brasil [Parte 1] em 2005.] Fonte: RECORD, 2005. | S15: ="RECORD. ["&B15&"]. "&G15&". "&TEXT(D15,"dd")&" "&LOWER(TEXT(D15,"mmm"))&" "&TEXT(D15,"yyyy")&". "&F15&". Disponível em: <link do dataverse>. Acesso em: 21 mai. 2026." -> RECORD. [Trecho de reportagem da Rede Record, veiculada no programa Fala Brasil [Parte 1] em 2005.]. São Paulo, Brasil. 17 jul. 2005. Originalmente DVD (suporte físico óptico). Com tratamento, tornou-se arquivo eletrônico (MP4) em suporte digital/nato-digital. Disponível em: <link do dataverse>. Acesso em: 21 mai. 2026. | T15: Este item pertencia à pasta intitulada "Implosão carandiru - noticiário".
A16: =MID(K16, LEN(K16)-6, 3) -> 015 | B16: Trecho de reportagem da Rede Record, veiculada no programa Edição de Notícias em 2005. | C16: Item | D16: 38550 | E16: 0.0019675926 | F16: Originalmente DVD (suporte físico óptico). Com tratamento, tornou-se arquivo eletrônico (MP4) em suporte digital/nato-digital | G16: São Paulo, Brasil | H16: Grupo de Pesquisa em Direito e Violência de Estado | I16: Notícias - Demolição - Casa de Detenção do Carandiru | J16: Pasta: 0001 | K16: =TEXTJOIN("", TRUE, Geral!B18:V18) -> BR-SPGPDVE_NOTICIAS-DEMOLICAO-CSDTCARANDIRU_AVS-NOT-NDT-DT1_0001-015.mp4 | L16: =Demolicao!$L$2 -> Verificar com a professora Maíra | M16: Demolição dos pavilhões 2 e 5 da casa de detenção do Carandiru. Trecho de reportagem da Rede Record, veiculada no programa Edição de Notícias em 2005. | N16: =Demolicao!$N$2 -> O acesso aos documentos deste acervo está condicionado ao compromisso de não repassá-los a terceiros, à obrigatoriedade de mencionar que os originais pertencem ao GPDVE (?), e à necessidade de novo Termo de Responsabilidade em caso de reutilização ou uso diverso do inicialmente acordado. O uso está sujeito às restrições previstas na Lei de Arquivos (Lei nº 8.159/1991), na Lei de Direitos Autorais (Lei nº 9.610/1998), nos artigos 138 e 145 do Código Penal, e no artigo 5º, inciso X, da Constituição Federal, especialmente quanto à proteção da honra e imagem de terceiros. A pessoa física ou jurídica responsável assume integral responsabilidade civil e penal por eventuais danos decorrentes do uso das reproduções e informações, eximindo o GPDVE de qualquer responsabilidade. | O16: Sistema prisional; Demolição; Implosão; Casa de Detenção de São Paulo; Carandiru | P16: Audiovisual | Q16: Possivelmente, filmagem digital ou vídeo digital. Optou-se por "não determinado" por incerteza quanto ao processo da técnica. | R16: ="Figura n – ["&B16&"]"&CHAR(10)&"Fonte: RECORD, "&TEXT(D16,"yyyy")&"." -> Figura n – [Trecho de reportagem da Rede Record, veiculada no programa Edição de Notícias em 2005.] Fonte: RECORD, 2005. | S16: ="RECORD. ["&B16&"]. "&G16&". "&TEXT(D16,"dd")&" "&LOWER(TEXT(D16,"mmm"))&" "&TEXT(D16,"yyyy")&". "&F16&". Disponível em: <link do dataverse>. Acesso em: 21 mai. 2026." -> RECORD. [Trecho de reportagem da Rede Record, veiculada no programa Edição de Notícias em 2005.]. São Paulo, Brasil. 17 jul. 2005. Originalmente DVD (suporte físico óptico). Com tratamento, tornou-se arquivo eletrônico (MP4) em suporte digital/nato-digital. Disponível em: <link do dataverse>. Acesso em: 21 mai. 2026. | T16: Este item pertencia à pasta intitulada "Implosão carandiru - noticiário".
A17: =MID(K17, LEN(K17)-6, 3) -> 016 | B17: Trecho de reportagem da Rede Record, veiculada no programa Jornal da Record em 2005. | C17: Item | D17: 38550 | E17: 0.00085648148 | F17: Originalmente DVD (suporte físico óptico). Com tratamento, tornou-se arquivo eletrônico (MP4) em suporte digital/nato-digital | G17: São Paulo, Brasil | H17: Grupo de Pesquisa em Direito e Violência de Estado | I17: Notícias - Demolição - Casa de Detenção do Carandiru | J17: Pasta: 0001 | K17: =TEXTJOIN("", TRUE, Geral!B19:V19) -> BR-SPGPDVE_NOTICIAS-DEMOLICAO-CSDTCARANDIRU_AVS-NOT-NDT-DT1_0001-016.mp4 | L17: =Demolicao!$L$2 -> Verificar com a professora Maíra | M17: Demolição dos pavilhões 2 e 5 da casa de detenção do Carandiru. Trecho de reportagem da Rede Record, veiculada no programa Jornal da Record em 2005. | N17: =Demolicao!$N$2 -> O acesso aos documentos deste acervo está condicionado ao compromisso de não repassá-los a terceiros, à obrigatoriedade de mencionar que os originais pertencem ao GPDVE (?), e à necessidade de novo Termo de Responsabilidade em caso de reutilização ou uso diverso do inicialmente acordado. O uso está sujeito às restrições previstas na Lei de Arquivos (Lei nº 8.159/1991), na Lei de Direitos Autorais (Lei nº 9.610/1998), nos artigos 138 e 145 do Código Penal, e no artigo 5º, inciso X, da Constituição Federal, especialmente quanto à proteção da honra e imagem de terceiros. A pessoa física ou jurídica responsável assume integral responsabilidade civil e penal por eventuais danos decorrentes do uso das reproduções e informações, eximindo o GPDVE de qualquer responsabilidade. | O17: Sistema prisional; Demolição; Implosão; Casa de Detenção de São Paulo; Carandiru | P17: Audiovisual | Q17: Possivelmente, filmagem digital ou vídeo digital. Optou-se por "não determinado" por incerteza quanto ao processo da técnica. | R17: ="Figura n – ["&B17&"]"&CHAR(10)&"Fonte: RECORD, "&TEXT(D17,"yyyy")&"." -> Figura n – [Trecho de reportagem da Rede Record, veiculada no programa Jornal da Record em 2005.] Fonte: RECORD, 2005. | S17: ="RECORD. ["&B17&"]. "&G17&". "&TEXT(D17,"dd")&" "&LOWER(TEXT(D17,"mmm"))&" "&TEXT(D17,"yyyy")&". "&F17&". Disponível em: <link do dataverse>. Acesso em: 21 mai. 2026." -> RECORD. [Trecho de reportagem da Rede Record, veiculada no programa Jornal da Record em 2005.]. São Paulo, Brasil. 17 jul. 2005. Originalmente DVD (suporte físico óptico). Com tratamento, tornou-se arquivo eletrônico (MP4) em suporte digital/nato-digital. Disponível em: <link do dataverse>. Acesso em: 21 mai. 2026. | T17: Este item pertencia à pasta intitulada "Implosão carandiru - noticiário".
A18: =MID(K18, LEN(K18)-6, 3) -> 017 | B18: Trecho de reportagem da Rede Record, veiculada no programa Domingo Espetacular em 2005. | C18: Item | D18: 38550 | E18: 0.00070601852 | F18: Originalmente DVD (suporte físico óptico). Com tratamento, tornou-se arquivo eletrônico (MP4) em suporte digital/nato-digital | G18: São Paulo, Brasil | H18: Grupo de Pesquisa em Direito e Violência de Estado | I18: Notícias - Demolição - Casa de Detenção do Carandiru | J18: Pasta: 0001 | K18: =TEXTJOIN("", TRUE, Geral!B20:V20) -> BR-SPGPDVE_NOTICIAS-DEMOLICAO-CSDTCARANDIRU_AVS-NOT-NDT-DT1_0001-017.mp4 | L18: =Demolicao!$L$2 -> Verificar com a professora Maíra | M18: Demolição dos pavilhões 2 e 5 da casa de detenção do Carandiru. Trecho de reportagem da Rede Record, veiculada no programa Domingo Espetacular em 2005. | N18: =Demolicao!$N$2 -> O acesso aos documentos deste acervo está condicionado ao compromisso de não repassá-los a terceiros, à obrigatoriedade de mencionar que os originais pertencem ao GPDVE (?), e à necessidade de novo Termo de Responsabilidade em caso de reutilização ou uso diverso do inicialmente acordado. O uso está sujeito às restrições previstas na Lei de Arquivos (Lei nº 8.159/1991), na Lei de Direitos Autorais (Lei nº 9.610/1998), nos artigos 138 e 145 do Código Penal, e no artigo 5º, inciso X, da Constituição Federal, especialmente quanto à proteção da honra e imagem de terceiros. A pessoa física ou jurídica responsável assume integral responsabilidade civil e penal por eventuais danos decorrentes do uso das reproduções e informações, eximindo o GPDVE de qualquer responsabilidade. | O18: Sistema prisional; Demolição; Implosão; Casa de Detenção de São Paulo; Carandiru | P18: Audiovisual | Q18: Possivelmente, filmagem digital ou vídeo digital. Optou-se por "não determinado" por incerteza quanto ao processo da técnica. | R18: ="Figura n – ["&B18&"]"&CHAR(10)&"Fonte: RECORD, "&TEXT(D18,"yyyy")&"." -> Figura n – [Trecho de reportagem da Rede Record, veiculada no programa Domingo Espetacular em 2005.] Fonte: RECORD, 2005. | S18: ="RECORD. ["&B18&"]. "&G18&". "&TEXT(D18,"dd")&" "&LOWER(TEXT(D18,"mmm"))&" "&TEXT(D18,"yyyy")&". "&F18&". Disponível em: <link do dataverse>. Acesso em: 21 mai. 2026." -> RECORD. [Trecho de reportagem da Rede Record, veiculada no programa Domingo Espetacular em 2005.]. São Paulo, Brasil. 17 jul. 2005. Originalmente DVD (suporte físico óptico). Com tratamento, tornou-se arquivo eletrônico (MP4) em suporte digital/nato-digital. Disponível em: <link do dataverse>. Acesso em: 21 mai. 2026. | T18: Este item pertencia à pasta intitulada "Implosão carandiru - noticiário".
A19: =MID(K19, LEN(K19)-6, 3) -> 018 | B19: Trecho de reportagem da Rede Record, veiculada no programa São Paulo no Ar em 2005. | C19: Item | D19: 38550 | E19: 0.0034259259 | F19: Originalmente DVD (suporte físico óptico). Com tratamento, tornou-se arquivo eletrônico (MP4) em suporte digital/nato-digital | G19: São Paulo, Brasil | H19: Grupo de Pesquisa em Direito e Violência de Estado | I19: Notícias - Demolição - Casa de Detenção do Carandiru | J19: Pasta: 0001 | K19: =TEXTJOIN("", TRUE, Geral!B21:V21) -> BR-SPGPDVE_NOTICIAS-DEMOLICAO-CSDTCARANDIRU_AVS-NOT-NDT-DT1_0001-018.mp4 | L19: =Demolicao!$L$2 -> Verificar com a professora Maíra | M19: Demolição dos pavilhões 2 e 5 da casa de detenção do Carandiru. Trecho de reportagem da Rede Record, veiculada no programa São Paulo no Ar em 2005. | N19: =Demolicao!$N$2 -> O acesso aos documentos deste acervo está condicionado ao compromisso de não repassá-los a terceiros, à obrigatoriedade de mencionar que os originais pertencem ao GPDVE (?), e à necessidade de novo Termo de Responsabilidade em caso de reutilização ou uso diverso do inicialmente acordado. O uso está sujeito às restrições previstas na Lei de Arquivos (Lei nº 8.159/1991), na Lei de Direitos Autorais (Lei nº 9.610/1998), nos artigos 138 e 145 do Código Penal, e no artigo 5º, inciso X, da Constituição Federal, especialmente quanto à proteção da honra e imagem de terceiros. A pessoa física ou jurídica responsável assume integral responsabilidade civil e penal por eventuais danos decorrentes do uso das reproduções e informações, eximindo o GPDVE de qualquer responsabilidade. | O19: Sistema prisional; Demolição; Implosão; Casa de Detenção de São Paulo; Carandiru | P19: Audiovisual | Q19: Possivelmente, filmagem digital ou vídeo digital. Optou-se por "não determinado" por incerteza quanto ao processo da técnica. | R19: ="Figura n – ["&B19&"]"&CHAR(10)&"Fonte: RECORD, "&TEXT(D19,"yyyy")&"." -> Figura n – [Trecho de reportagem da Rede Record, veiculada no programa São Paulo no Ar em 2005.] Fonte: RECORD, 2005. | S19: ="RECORD. ["&B19&"]. "&G19&". "&TEXT(D19,"dd")&" "&LOWER(TEXT(D19,"mmm"))&" "&TEXT(D19,"yyyy")&". "&F19&". Disponível em: <link do dataverse>. Acesso em: 21 mai. 2026." -> RECORD. [Trecho de reportagem da Rede Record, veiculada no programa São Paulo no Ar em 2005.]. São Paulo, Brasil. 17 jul. 2005. Originalmente DVD (suporte físico óptico). Com tratamento, tornou-se arquivo eletrônico (MP4) em suporte digital/nato-digital. Disponível em: <link do dataverse>. Acesso em: 21 mai. 2026. | T19: Este item pertencia à pasta intitulada "Implosão carandiru - noticiário".
A20: =MID(K20, LEN(K20)-6, 3) -> 019 | B20: Trecho de reportagem da Rede Record, veiculada no programa Fala Brasil [Parte 2] em 2005. | C20: Item | D20: 38550 | E20: 0.0048148148 | F20: Originalmente DVD (suporte físico óptico). Com tratamento, tornou-se arquivo eletrônico (MP4) em suporte digital/nato-digital | G20: São Paulo, Brasil | H20: Grupo de Pesquisa em Direito e Violência de Estado | I20: Notícias - Demolição - Casa de Detenção do Carandiru | J20: Pasta: 0001 | K20: =TEXTJOIN("", TRUE, Geral!B22:V22) -> BR-SPGPDVE_NOTICIAS-DEMOLICAO-CSDTCARANDIRU_AVS-NOT-NDT-DT1_0001-019.mp4 | L20: =Demolicao!$L$2 -> Verificar com a professora Maíra | M20: Demolição dos pavilhões 2 e 5 da casa de detenção do Carandiru. Trecho de reportagem da Rede Record, veiculada no programa Fala Brasil [Parte 2] em 2005. | N20: =Demolicao!$N$2 -> O acesso aos documentos deste acervo está condicionado ao compromisso de não repassá-los a terceiros, à obrigatoriedade de mencionar que os originais pertencem ao GPDVE (?), e à necessidade de novo Termo de Responsabilidade em caso de reutilização ou uso diverso do inicialmente acordado. O uso está sujeito às restrições previstas na Lei de Arquivos (Lei nº 8.159/1991), na Lei de Direitos Autorais (Lei nº 9.610/1998), nos artigos 138 e 145 do Código Penal, e no artigo 5º, inciso X, da Constituição Federal, especialmente quanto à proteção da honra e imagem de terceiros. A pessoa física ou jurídica responsável assume integral responsabilidade civil e penal por eventuais danos decorrentes do uso das reproduções e informações, eximindo o GPDVE de qualquer responsabilidade. | O20: Sistema prisional; Demolição; Implosão; Casa de Detenção de São Paulo; Carandiru | P20: Audiovisual | Q20: Possivelmente, filmagem digital ou vídeo digital. Optou-se por "não determinado" por incerteza quanto ao processo da técnica. | R20: ="Figura n – ["&B20&"]"&CHAR(10)&"Fonte: RECORD, "&TEXT(D20,"yyyy")&"." -> Figura n – [Trecho de reportagem da Rede Record, veiculada no programa Fala Brasil [Parte 2] em 2005.] Fonte: RECORD, 2005. | S20: ="RECORD. ["&B20&"]. "&G20&". "&TEXT(D20,"dd")&" "&LOWER(TEXT(D20,"mmm"))&" "&TEXT(D20,"yyyy")&". "&F20&". Disponível em: <link do dataverse>. Acesso em: 21 mai. 2026." -> RECORD. [Trecho de reportagem da Rede Record, veiculada no programa Fala Brasil [Parte 2] em 2005.]. São Paulo, Brasil. 17 jul. 2005. Originalmente DVD (suporte físico óptico). Com tratamento, tornou-se arquivo eletrônico (MP4) em suporte digital/nato-digital. Disponível em: <link do dataverse>. Acesso em: 21 mai. 2026. | T20: Este item pertencia à pasta intitulada "Implosão carandiru - noticiário".
A21: =MID(K21, LEN(K21)-6, 3) -> 020 | B21: Trecho de reportagem da RedeTV!, veiculada no programa Esporte Notícias [Parte 1] em 2005. | C21: Item | D21: 38550 | E21: 0.0010300926 | F21: Originalmente DVD (suporte físico óptico). Com tratamento, tornou-se arquivo eletrônico (MP4) em suporte digital/nato-digital | G21: São Paulo, Brasil | H21: Grupo de Pesquisa em Direito e Violência de Estado | I21: Notícias - Demolição - Casa de Detenção do Carandiru | J21: Pasta: 0001 | K21: =TEXTJOIN("", TRUE, Geral!B23:V23) -> BR-SPGPDVE_NOTICIAS-DEMOLICAO-CSDTCARANDIRU_AVS-NOT-NDT-DT1_0001-020.mp4 | L21: =Demolicao!$L$2 -> Verificar com a professora Maíra | M21: Demolição dos pavilhões 2 e 5 da casa de detenção do Carandiru. Trecho de reportagem da RedeTV!, veiculada no programa Esporte Notícias [Parte 1] em 2005. | N21: =Demolicao!$N$2 -> O acesso aos documentos deste acervo está condicionado ao compromisso de não repassá-los a terceiros, à obrigatoriedade de mencionar que os originais pertencem ao GPDVE (?), e à necessidade de novo Termo de Responsabilidade em caso de reutilização ou uso diverso do inicialmente acordado. O uso está sujeito às restrições previstas na Lei de Arquivos (Lei nº 8.159/1991), na Lei de Direitos Autorais (Lei nº 9.610/1998), nos artigos 138 e 145 do Código Penal, e no artigo 5º, inciso X, da Constituição Federal, especialmente quanto à proteção da honra e imagem de terceiros. A pessoa física ou jurídica responsável assume integral responsabilidade civil e penal por eventuais danos decorrentes do uso das reproduções e informações, eximindo o GPDVE de qualquer responsabilidade. | O21: Sistema prisional; Demolição; Implosão; Casa de Detenção de São Paulo; Carandiru | P21: Audiovisual | Q21: Possivelmente, filmagem digital ou vídeo digital. Optou-se por "não determinado" por incerteza quanto ao processo da técnica. | R21: ="Figura n – ["&B21&"]"&CHAR(10)&"Fonte: REDE TV, "&TEXT(D21,"yyyy")&"." -> Figura n – [Trecho de reportagem da RedeTV!, veiculada no programa Esporte Notícias [Parte 1] em 2005.] Fonte: REDE TV, 2005. | S21: ="REDE TV!. ["&B21&"]. "&G21&". "&TEXT(D21,"dd")&" "&LOWER(TEXT(D21,"mmm"))&" "&TEXT(D21,"yyyy")&". "&F21&". Disponível em: <link do dataverse>. Acesso em: 21 mai. 2026." -> REDE TV!. [Trecho de reportagem da RedeTV!, veiculada no programa Esporte Notícias [Parte 1] em 2005.]. São Paulo, Brasil. 17 jul. 2005. Originalmente DVD (suporte físico óptico). Com tratamento, tornou-se arquivo eletrônico (MP4) em suporte digital/nato-digital. Disponível em: <link do dataverse>. Acesso em: 21 mai. 2026. | T21: Este item pertencia à pasta intitulada "Implosão carandiru - noticiário".
A22: =MID(K22, LEN(K22)-6, 3) -> 021 | B22: Trecho de reportagem da RedeTV!, veiculada no programa Jornal da TV em 2005. | C22: Item | D22: 38550 | E22: 0.0017939815 | F22: Originalmente DVD (suporte físico óptico). Com tratamento, tornou-se arquivo eletrônico (MP4) em suporte digital/nato-digital | G22: São Paulo, Brasil | H22: Grupo de Pesquisa em Direito e Violência de Estado | I22: Notícias - Demolição - Casa de Detenção do Carandiru | J22: Pasta: 0001 | K22: =TEXTJOIN("", TRUE, Geral!B24:V24) -> BR-SPGPDVE_NOTICIAS-DEMOLICAO-CSDTCARANDIRU_AVS-NOT-NDT-DT1_0001-021.mp4 | L22: =Demolicao!$L$2 -> Verificar com a professora Maíra | M22: Demolição dos pavilhões 2 e 5 da casa de detenção do Carandiru. Trecho de reportagem da RedeTV!, veiculada no programa Jornal da TV em 2005. | N22: =Demolicao!$N$2 -> O acesso aos documentos deste acervo está condicionado ao compromisso de não repassá-los a terceiros, à obrigatoriedade de mencionar que os originais pertencem ao GPDVE (?), e à necessidade de novo Termo de Responsabilidade em caso de reutilização ou uso diverso do inicialmente acordado. O uso está sujeito às restrições previstas na Lei de Arquivos (Lei nº 8.159/1991), na Lei de Direitos Autorais (Lei nº 9.610/1998), nos artigos 138 e 145 do Código Penal, e no artigo 5º, inciso X, da Constituição Federal, especialmente quanto à proteção da honra e imagem de terceiros. A pessoa física ou jurídica responsável assume integral responsabilidade civil e penal por eventuais danos decorrentes do uso das reproduções e informações, eximindo o GPDVE de qualquer responsabilidade. | O22: Sistema prisional; Demolição; Implosão; Casa de Detenção de São Paulo; Carandiru | P22: Audiovisual | Q22: Possivelmente, filmagem digital ou vídeo digital. Optou-se por "não determinado" por incerteza quanto ao processo da técnica. | R22: ="Figura n – ["&B22&"]"&CHAR(10)&"Fonte: REDE TV, "&TEXT(D22,"yyyy")&"." -> Figura n – [Trecho de reportagem da RedeTV!, veiculada no programa Jornal da TV em 2005.] Fonte: REDE TV, 2005. | S22: ="REDE TV!. ["&B22&"]. "&G22&". "&TEXT(D22,"dd")&" "&LOWER(TEXT(D22,"mmm"))&" "&TEXT(D22,"yyyy")&". "&F22&". Disponível em: <link do dataverse>. Acesso em: 21 mai. 2026." -> REDE TV!. [Trecho de reportagem da RedeTV!, veiculada no programa Jornal da TV em 2005.]. São Paulo, Brasil. 17 jul. 2005. Originalmente DVD (suporte físico óptico). Com tratamento, tornou-se arquivo eletrônico (MP4) em suporte digital/nato-digital. Disponível em: <link do dataverse>. Acesso em: 21 mai. 2026. | T22: Este item pertencia à pasta intitulada "Implosão carandiru - noticiário".
A23: =MID(K23, LEN(K23)-6, 3) -> 022 | B23: Trecho de reportagem da RedeTV!, veiculada no programa Leitura Dinâmica em 2005. | C23: Item | D23: 38550 | E23: 0.001400463 | F23: Originalmente DVD (suporte físico óptico). Com tratamento, tornou-se arquivo eletrônico (MP4) em suporte digital/nato-digital | G23: São Paulo, Brasil | H23: Grupo de Pesquisa em Direito e Violência de Estado | I23: Notícias - Demolição - Casa de Detenção do Carandiru | J23: Pasta: 0001 | K23: =TEXTJOIN("", TRUE, Geral!B25:V25) -> BR-SPGPDVE_NOTICIAS-DEMOLICAO-CSDTCARANDIRU_AVS-NOT-NDT-DT1_0001-022.mp4 | L23: =Demolicao!$L$2 -> Verificar com a professora Maíra | M23: Demolição dos pavilhões 2 e 5 da casa de detenção do Carandiru. Trecho de reportagem da RedeTV!, veiculada no programa Leitura Dinâmica em 2005. | N23: =Demolicao!$N$2 -> O acesso aos documentos deste acervo está condicionado ao compromisso de não repassá-los a terceiros, à obrigatoriedade de mencionar que os originais pertencem ao GPDVE (?), e à necessidade de novo Termo de Responsabilidade em caso de reutilização ou uso diverso do inicialmente acordado. O uso está sujeito às restrições previstas na Lei de Arquivos (Lei nº 8.159/1991), na Lei de Direitos Autorais (Lei nº 9.610/1998), nos artigos 138 e 145 do Código Penal, e no artigo 5º, inciso X, da Constituição Federal, especialmente quanto à proteção da honra e imagem de terceiros. A pessoa física ou jurídica responsável assume integral responsabilidade civil e penal por eventuais danos decorrentes do uso das reproduções e informações, eximindo o GPDVE de qualquer responsabilidade. | O23: Sistema prisional; Demolição; Implosão; Casa de Detenção de São Paulo; Carandiru | P23: Audiovisual | Q23: Possivelmente, filmagem digital ou vídeo digital. Optou-se por "não determinado" por incerteza quanto ao processo da técnica. | R23: ="Figura n – ["&B23&"]"&CHAR(10)&"Fonte: REDE TV, "&TEXT(D23,"yyyy")&"." -> Figura n – [Trecho de reportagem da RedeTV!, veiculada no programa Leitura Dinâmica em 2005.] Fonte: REDE TV, 2005. | S23: ="REDE TV!. ["&B23&"]. "&G23&". "&TEXT(D23,"dd")&" "&LOWER(TEXT(D23,"mmm"))&" "&TEXT(D23,"yyyy")&". "&F23&". Disponível em: <link do dataverse>. Acesso em: 21 mai. 2026." -> REDE TV!. [Trecho de reportagem da RedeTV!, veiculada no programa Leitura Dinâmica em 2005.]. São Paulo, Brasil. 17 jul. 2005. Originalmente DVD (suporte físico óptico). Com tratamento, tornou-se arquivo eletrônico (MP4) em suporte digital/nato-digital. Disponível em: <link do dataverse>. Acesso em: 21 mai. 2026. | T23: Este item pertencia à pasta intitulada "Implosão carandiru - noticiário".
A24: =MID(K24, LEN(K24)-6, 3) -> 023 | B24: Trecho de reportagem da RedeTV!, veiculada no programa Notícias do Brasil em 2005. | C24: Item | D24: 38550 | E24: 0.00090277778 | F24: Originalmente DVD (suporte físico óptico). Com tratamento, tornou-se arquivo eletrônico (MP4) em suporte digital/nato-digital | G24: São Paulo, Brasil | H24: Grupo de Pesquisa em Direito e Violência de Estado | I24: Notícias - Demolição - Casa de Detenção do Carandiru | J24: Pasta: 0001 | K24: =TEXTJOIN("", TRUE, Geral!B26:V26) -> BR-SPGPDVE_NOTICIAS-DEMOLICAO-CSDTCARANDIRU_AVS-NOT-NDT-DT1_0001-023.mp4 | L24: =Demolicao!$L$2 -> Verificar com a professora Maíra | M24: Demolição dos pavilhões 2 e 5 da casa de detenção do Carandiru. Trecho de reportagem da RedeTV!, veiculada no programa Notícias do Brasil em 2005. | N24: =Demolicao!$N$2 -> O acesso aos documentos deste acervo está condicionado ao compromisso de não repassá-los a terceiros, à obrigatoriedade de mencionar que os originais pertencem ao GPDVE (?), e à necessidade de novo Termo de Responsabilidade em caso de reutilização ou uso diverso do inicialmente acordado. O uso está sujeito às restrições previstas na Lei de Arquivos (Lei nº 8.159/1991), na Lei de Direitos Autorais (Lei nº 9.610/1998), nos artigos 138 e 145 do Código Penal, e no artigo 5º, inciso X, da Constituição Federal, especialmente quanto à proteção da honra e imagem de terceiros. A pessoa física ou jurídica responsável assume integral responsabilidade civil e penal por eventuais danos decorrentes do uso das reproduções e informações, eximindo o GPDVE de qualquer responsabilidade. | O24: Sistema prisional; Demolição; Implosão; Casa de Detenção de São Paulo; Carandiru | P24: Audiovisual | Q24: Possivelmente, filmagem digital ou vídeo digital. Optou-se por "não determinado" por incerteza quanto ao processo da técnica. | R24: ="Figura n – ["&B24&"]"&CHAR(10)&"Fonte: REDE TV, "&TEXT(D24,"yyyy")&"." -> Figura n – [Trecho de reportagem da RedeTV!, veiculada no programa Notícias do Brasil em 2005.] Fonte: REDE TV, 2005. | S24: ="REDE TV!. ["&B24&"]. "&G24&". "&TEXT(D24,"dd")&" "&LOWER(TEXT(D24,"mmm"))&" "&TEXT(D24,"yyyy")&". "&F24&". Disponível em: <link do dataverse>. Acesso em: 21 mai. 2026." -> REDE TV!. [Trecho de reportagem da RedeTV!, veiculada no programa Notícias do Brasil em 2005.]. São Paulo, Brasil. 17 jul. 2005. Originalmente DVD (suporte físico óptico). Com tratamento, tornou-se arquivo eletrônico (MP4) em suporte digital/nato-digital. Disponível em: <link do dataverse>. Acesso em: 21 mai. 2026. | T24: Este item pertencia à pasta intitulada "Implosão carandiru - noticiário".
A25: =MID(K25, LEN(K25)-6, 3) -> 024 | B25: Trecho de reportagem da RedeTV!, veiculada no programa Esporte Notícias [Parte 2] em 2005. | C25: Item | D25: 38550 | E25: 0.0012615741 | F25: Originalmente DVD (suporte físico óptico). Com tratamento, tornou-se arquivo eletrônico (MP4) em suporte digital/nato-digital | G25: São Paulo, Brasil | H25: Grupo de Pesquisa em Direito e Violência de Estado | I25: Notícias - Demolição - Casa de Detenção do Carandiru | J25: Pasta: 0001 | K25: =TEXTJOIN("", TRUE, Geral!B27:V27) -> BR-SPGPDVE_NOTICIAS-DEMOLICAO-CSDTCARANDIRU_AVS-NOT-NDT-DT1_0001-024.mp4 | L25: =Demolicao!$L$2 -> Verificar com a professora Maíra | M25: Demolição dos pavilhões 2 e 5 da casa de detenção do Carandiru. Trecho de reportagem da RedeTV!, veiculada no programa Esporte Notícias [Parte 2] em 2005. | N25: =Demolicao!$N$2 -> O acesso aos documentos deste acervo está condicionado ao compromisso de não repassá-los a terceiros, à obrigatoriedade de mencionar que os originais pertencem ao GPDVE (?), e à necessidade de novo Termo de Responsabilidade em caso de reutilização ou uso diverso do inicialmente acordado. O uso está sujeito às restrições previstas na Lei de Arquivos (Lei nº 8.159/1991), na Lei de Direitos Autorais (Lei nº 9.610/1998), nos artigos 138 e 145 do Código Penal, e no artigo 5º, inciso X, da Constituição Federal, especialmente quanto à proteção da honra e imagem de terceiros. A pessoa física ou jurídica responsável assume integral responsabilidade civil e penal por eventuais danos decorrentes do uso das reproduções e informações, eximindo o GPDVE de qualquer responsabilidade. | O25: Sistema prisional; Demolição; Implosão; Casa de Detenção de São Paulo; Carandiru | P25: Audiovisual | Q25: Possivelmente, filmagem digital ou vídeo digital. Optou-se por "não determinado" por incerteza quanto ao processo da técnica. | R25: ="Figura n – ["&B25&"]"&CHAR(10)&"Fonte: REDE TV, "&TEXT(D25,"yyyy")&"." -> Figura n – [Trecho de reportagem da RedeTV!, veiculada no programa Esporte Notícias [Parte 2] em 2005.] Fonte: REDE TV, 2005. | S25: ="REDE TV!. ["&B25&"]. "&G25&". "&TEXT(D25,"dd")&" "&LOWER(TEXT(D25,"mmm"))&" "&TEXT(D25,"yyyy")&". "&F25&". Disponível em: <link do dataverse>. Acesso em: 21 mai. 2026." -> REDE TV!. [Trecho de reportagem da RedeTV!, veiculada no programa Esporte Notícias [Parte 2] em 2005.]. São Paulo, Brasil. 17 jul. 2005. Originalmente DVD (suporte físico óptico). Com tratamento, tornou-se arquivo eletrônico (MP4) em suporte digital/nato-digital. Disponível em: <link do dataverse>. Acesso em: 21 mai. 2026. | T25: Este item pertencia à pasta intitulada "Implosão carandiru - noticiário".
A26: =MID(K26, LEN(K26)-6, 3) -> 025 | B26: Trecho de reportagem do SBT, veiculada no programa Jornal do SBT [Parte 1] em 2005. | C26: Item | D26: 38550 | E26: 0.00034722222 | F26: Originalmente DVD (suporte físico óptico). Com tratamento, tornou-se arquivo eletrônico (MP4) em suporte digital/nato-digital | G26: São Paulo, Brasil | H26: Grupo de Pesquisa em Direito e Violência de Estado | I26: Notícias - Demolição - Casa de Detenção do Carandiru | J26: Pasta: 0001 | K26: =TEXTJOIN("", TRUE, Geral!B28:V28) -> BR-SPGPDVE_NOTICIAS-DEMOLICAO-CSDTCARANDIRU_AVS-NOT-NDT-DT1_0001-025.mp4 | L26: =Demolicao!$L$2 -> Verificar com a professora Maíra | M26: Demolição dos pavilhões 2 e 5 da casa de detenção do Carandiru. Trecho de reportagem do SBT, veiculada no programa Jornal do SBT [Parte 1] em 2005. | N26: =Demolicao!$N$2 -> O acesso aos documentos deste acervo está condicionado ao compromisso de não repassá-los a terceiros, à obrigatoriedade de mencionar que os originais pertencem ao GPDVE (?), e à necessidade de novo Termo de Responsabilidade em caso de reutilização ou uso diverso do inicialmente acordado. O uso está sujeito às restrições previstas na Lei de Arquivos (Lei nº 8.159/1991), na Lei de Direitos Autorais (Lei nº 9.610/1998), nos artigos 138 e 145 do Código Penal, e no artigo 5º, inciso X, da Constituição Federal, especialmente quanto à proteção da honra e imagem de terceiros. A pessoa física ou jurídica responsável assume integral responsabilidade civil e penal por eventuais danos decorrentes do uso das reproduções e informações, eximindo o GPDVE de qualquer responsabilidade. | O26: Sistema prisional; Demolição; Implosão; Casa de Detenção de São Paulo; Carandiru | P26: Audiovisual | Q26: Possivelmente, filmagem digital ou vídeo digital. Optou-se por "não determinado" por incerteza quanto ao processo da técnica. | R26: ="Figura n – ["&B26&"]"&CHAR(10)&"Fonte: SBT, "&TEXT(D26,"yyyy")&"." -> Figura n – [Trecho de reportagem do SBT, veiculada no programa Jornal do SBT [Parte 1] em 2005.] Fonte: SBT, 2005. | S26: ="SBT. ["&B26&"]. "&G26&". "&TEXT(D26,"dd")&" "&LOWER(TEXT(D26,"mmm"))&" "&TEXT(D26,"yyyy")&". "&F26&". Disponível em: <link do dataverse>. Acesso em: 21 mai. 2026." -> SBT. [Trecho de reportagem do SBT, veiculada no programa Jornal do SBT [Parte 1] em 2005.]. São Paulo, Brasil. 17 jul. 2005. Originalmente DVD (suporte físico óptico). Com tratamento, tornou-se arquivo eletrônico (MP4) em suporte digital/nato-digital. Disponível em: <link do dataverse>. Acesso em: 21 mai. 2026. | T26: Este item pertencia à pasta intitulada "Implosão carandiru - noticiário".
A27: =MID(K27, LEN(K27)-6, 3) -> 026 | B27: Trecho de reportagem do SBT, veiculada no programa Domingo Legal em 2005. | C27: Item | D27: 38550 | E27: 0.0098148148 | F27: Originalmente DVD (suporte físico óptico). Com tratamento, tornou-se arquivo eletrônico (MP4) em suporte digital/nato-digital | G27: São Paulo, Brasil | H27: Grupo de Pesquisa em Direito e Violência de Estado | I27: Notícias - Demolição - Casa de Detenção do Carandiru | J27: Pasta: 0001 | K27: =TEXTJOIN("", TRUE, Geral!B29:V29) -> BR-SPGPDVE_NOTICIAS-DEMOLICAO-CSDTCARANDIRU_AVS-NOT-NDT-DT1_0001-026.mp4 | L27: =Demolicao!$L$2 -> Verificar com a professora Maíra | M27: Demolição dos pavilhões 2 e 5 da casa de detenção do Carandiru. Trecho de reportagem do SBT, veiculada no programa Domingo Legal em 2005. | N27: =Demolicao!$N$2 -> O acesso aos documentos deste acervo está condicionado ao compromisso de não repassá-los a terceiros, à obrigatoriedade de mencionar que os originais pertencem ao GPDVE (?), e à necessidade de novo Termo de Responsabilidade em caso de reutilização ou uso diverso do inicialmente acordado. O uso está sujeito às restrições previstas na Lei de Arquivos (Lei nº 8.159/1991), na Lei de Direitos Autorais (Lei nº 9.610/1998), nos artigos 138 e 145 do Código Penal, e no artigo 5º, inciso X, da Constituição Federal, especialmente quanto à proteção da honra e imagem de terceiros. A pessoa física ou jurídica responsável assume integral responsabilidade civil e penal por eventuais danos decorrentes do uso das reproduções e informações, eximindo o GPDVE de qualquer responsabilidade. | O27: Sistema prisional; Demolição; Implosão; Casa de Detenção de São Paulo; Carandiru | P27: Audiovisual | Q27: Possivelmente, filmagem digital ou vídeo digital. Optou-se por "não determinado" por incerteza quanto ao processo da técnica. | R27: ="Figura n – ["&B27&"]"&CHAR(10)&"Fonte: SBT, "&TEXT(D27,"yyyy")&"." -> Figura n – [Trecho de reportagem do SBT, veiculada no programa Domingo Legal em 2005.] Fonte: SBT, 2005. | S27: ="SBT. ["&B27&"]. "&G27&". "&TEXT(D27,"dd")&" "&LOWER(TEXT(D27,"mmm"))&" "&TEXT(D27,"yyyy")&". "&F27&". Disponível em: <link do dataverse>. Acesso em: 21 mai. 2026." -> SBT. [Trecho de reportagem do SBT, veiculada no programa Domingo Legal em 2005.]. São Paulo, Brasil. 17 jul. 2005. Originalmente DVD (suporte físico óptico). Com tratamento, tornou-se arquivo eletrônico (MP4) em suporte digital/nato-digital. Disponível em: <link do dataverse>. Acesso em: 21 mai. 2026. | T27: Este item pertencia à pasta intitulada "Implosão carandiru - noticiário".
A28: =MID(K28, LEN(K28)-6, 3) -> 027 | B28: Trecho de reportagem do SBT, veiculada no programa Jornal do SBT [Parte 2] em 2005. | C28: Item | D28: 38550 | E28: 0.0012037037 | F28: Originalmente DVD (suporte físico óptico). Com tratamento, tornou-se arquivo eletrônico (MP4) em suporte digital/nato-digital | G28: São Paulo, Brasil | H28: Grupo de Pesquisa em Direito e Violência de Estado | I28: Notícias - Demolição - Casa de Detenção do Carandiru | J28: Pasta: 0001 | K28: =TEXTJOIN("", TRUE, Geral!B30:V30) -> BR-SPGPDVE_NOTICIAS-DEMOLICAO-CSDTCARANDIRU_AVS-NOT-NDT-DT1_0001-027.mp4 | L28: =Demolicao!$L$2 -> Verificar com a professora Maíra | M28: Demolição dos pavilhões 2 e 5 da casa de detenção do Carandiru. Trecho de reportagem do SBT, veiculada no programa Jornal do SBT [Parte 2] em 2005. | N28: =Demolicao!$N$2 -> O acesso aos documentos deste acervo está condicionado ao compromisso de não repassá-los a terceiros, à obrigatoriedade de mencionar que os originais pertencem ao GPDVE (?), e à necessidade de novo Termo de Responsabilidade em caso de reutilização ou uso diverso do inicialmente acordado. O uso está sujeito às restrições previstas na Lei de Arquivos (Lei nº 8.159/1991), na Lei de Direitos Autorais (Lei nº 9.610/1998), nos artigos 138 e 145 do Código Penal, e no artigo 5º, inciso X, da Constituição Federal, especialmente quanto à proteção da honra e imagem de terceiros. A pessoa física ou jurídica responsável assume integral responsabilidade civil e penal por eventuais danos decorrentes do uso das reproduções e informações, eximindo o GPDVE de qualquer responsabilidade. | O28: Sistema prisional; Demolição; Implosão; Casa de Detenção de São Paulo; Carandiru | P28: Audiovisual | Q28: Possivelmente, filmagem digital ou vídeo digital. Optou-se por "não determinado" por incerteza quanto ao processo da técnica. | R28: ="Figura n – ["&B28&"]"&CHAR(10)&"Fonte: SBT, "&TEXT(D28,"yyyy")&"." -> Figura n – [Trecho de reportagem do SBT, veiculada no programa Jornal do SBT [Parte 2] em 2005.] Fonte: SBT, 2005. | S28: ="SBT. ["&B28&"]. "&G28&". "&TEXT(D28,"dd")&" "&LOWER(TEXT(D28,"mmm"))&" "&TEXT(D28,"yyyy")&". "&F28&". Disponível em: <link do dataverse>. Acesso em: 21 mai. 2026." -> SBT. [Trecho de reportagem do SBT, veiculada no programa Jornal do SBT [Parte 2] em 2005.]. São Paulo, Brasil. 17 jul. 2005. Originalmente DVD (suporte físico óptico). Com tratamento, tornou-se arquivo eletrônico (MP4) em suporte digital/nato-digital. Disponível em: <link do dataverse>. Acesso em: 21 mai. 2026. | T28: Este item pertencia à pasta intitulada "Implosão carandiru - noticiário".
A29: =MID(K29, LEN(K29)-6, 3) -> 028 | B29: Trecho de reportagem de emissora Canal 21 (Rede 21 Comunicações S.A.), veiculada no programa Jornal 21 em 2005. | C29: Item | D29: 38550 | E29: 0.00059027778 | F29: Originalmente DVD (suporte físico óptico). Com tratamento, tornou-se arquivo eletrônico (MP4) em suporte digital/nato-digital | G29: São Paulo, Brasil | H29: Grupo de Pesquisa em Direito e Violência de Estado | I29: Notícias - Demolição - Casa de Detenção do Carandiru | J29: Pasta: 0001 | K29: =TEXTJOIN("", TRUE, Geral!B31:V31) -> BR-SPGPDVE_NOTICIAS-DEMOLICAO-CSDTCARANDIRU_AVS-NOT-NDT-DT1_0001-028.mp4 | L29: =Demolicao!$L$2 -> Verificar com a professora Maíra | M29: Demolição dos pavilhões 2 e 5 da casa de detenção do Carandiru. Trecho de reportagem de emissora Canal 21 (Rede 21 Comunicações S.A.), veiculada no programa Jornal 21 em 2005. | N29: =Demolicao!$N$2 -> O acesso aos documentos deste acervo está condicionado ao compromisso de não repassá-los a terceiros, à obrigatoriedade de mencionar que os originais pertencem ao GPDVE (?), e à necessidade de novo Termo de Responsabilidade em caso de reutilização ou uso diverso do inicialmente acordado. O uso está sujeito às restrições previstas na Lei de Arquivos (Lei nº 8.159/1991), na Lei de Direitos Autorais (Lei nº 9.610/1998), nos artigos 138 e 145 do Código Penal, e no artigo 5º, inciso X, da Constituição Federal, especialmente quanto à proteção da honra e imagem de terceiros. A pessoa física ou jurídica responsável assume integral responsabilidade civil e penal por eventuais danos decorrentes do uso das reproduções e informações, eximindo o GPDVE de qualquer responsabilidade. | O29: Sistema prisional; Demolição; Implosão; Casa de Detenção de São Paulo; Carandiru | P29: Audiovisual | Q29: Possivelmente, filmagem digital ou vídeo digital. Optou-se por "não determinado" por incerteza quanto ao processo da técnica. | R29: ="Figura n – ["&B29&"]"&CHAR(10)&"Fonte: Rede 21 Comunicações S.A., "&TEXT(D29,"yyyy")&"." -> Figura n – [Trecho de reportagem de emissora Canal 21 (Rede 21 Comunicações S.A.), veiculada no programa Jornal 21 em 2005.] Fonte: Rede 21 Comunicações S.A., 2005. | S29: ="REDE 21 COMUNICAÇÕES S.A. ["&B29&"]. "&G29&". "&TEXT(D29,"dd")&" "&LOWER(TEXT(D29,"mmm"))&" "&TEXT(D29,"yyyy")&". "&F29&". Disponível em: <link do dataverse>. Acesso em: 21 mai. 2026." -> REDE 21 COMUNICAÇÕES S.A. [Trecho de reportagem de emissora Canal 21 (Rede 21 Comunicações S.A.), veiculada no programa Jornal 21 em 2005.]. São Paulo, Brasil. 17 jul. 2005. Originalmente DVD (suporte físico óptico). Com tratamento, tornou-se arquivo eletrônico (MP4) em suporte digital/nato-digital. Disponível em: <link do dataverse>. Acesso em: 21 mai. 2026. | T29: Este item pertencia à pasta intitulada "Implosão carandiru - noticiário".
A30: =MID(K30, LEN(K30)-6, 3) -> 029 | B30: Vinheta de advertência do Arquivo de Imagem e Som, datada de 2005. | C30: Item | D30: 38550 | E30: 0.0020023148 | F30: Originalmente DVD (suporte físico óptico). Com tratamento, tornou-se arquivo eletrônico (MP4) em suporte digital/nato-digital | G30: São Paulo, Brasil | H30: Grupo de Pesquisa em Direito e Violência de Estado | I30: Notícias - Demolição - Casa de Detenção do Carandiru | J30: Pasta: 0001 | K30: =TEXTJOIN("", TRUE, Geral!B32:V32) -> BR-SPGPDVE_NOTICIAS-DEMOLICAO-CSDTCARANDIRU_AVS-NOT-NDT-DT1_0001-029.mp4 | L30: =Demolicao!$L$2 -> Verificar com a professora Maíra | M30: Vinheta de advertência do Arquivo de Imagem e Som, datada de 2005. | N30: =Demolicao!$N$2 -> O acesso aos documentos deste acervo está condicionado ao compromisso de não repassá-los a terceiros, à obrigatoriedade de mencionar que os originais pertencem ao GPDVE (?), e à necessidade de novo Termo de Responsabilidade em caso de reutilização ou uso diverso do inicialmente acordado. O uso está sujeito às restrições previstas na Lei de Arquivos (Lei nº 8.159/1991), na Lei de Direitos Autorais (Lei nº 9.610/1998), nos artigos 138 e 145 do Código Penal, e no artigo 5º, inciso X, da Constituição Federal, especialmente quanto à proteção da honra e imagem de terceiros. A pessoa física ou jurídica responsável assume integral responsabilidade civil e penal por eventuais danos decorrentes do uso das reproduções e informações, eximindo o GPDVE de qualquer responsabilidade. | O30: Sistema prisional; Demolição; Implosão; Casa de Detenção de São Paulo; Carandiru | P30: Audiovisual | Q30: Possivelmente, filmagem digital ou vídeo digital. Optou-se por "não determinado" por incerteza quanto ao processo da técnica. | R30: ="Figura n – ["&B30&"]"&CHAR(10)&"Fonte: ARCHIVO DA IMAGEM & DO SOM, "&TEXT(D30,"yyyy")&"." -> Figura n – [Vinheta de advertência do Arquivo de Imagem e Som, datada de 2005.] Fonte: ARCHIVO DA IMAGEM & DO SOM, 2005. | S30: ="ARCHIVO DA IMAGEM & DO SOM. ["&B30&"]. "&G30&". "&TEXT(D30,"dd")&" "&LOWER(TEXT(D30,"mmm"))&" "&TEXT(D30,"yyyy")&". "&F30&". Disponível em: <link do dataverse>. Acesso em: 21 mai. 2026." -> ARCHIVO DA IMAGEM & DO SOM. [Vinheta de advertência do Arquivo de Imagem e Som, datada de 2005.]. São Paulo, Brasil. 17 jul. 2005. Originalmente DVD (suporte físico óptico). Com tratamento, tornou-se arquivo eletrônico (MP4) em suporte digital/nato-digital. Disponível em: <link do dataverse>. Acesso em: 21 mai. 2026. | T30: Este item pertencia à pasta intitulada "Implosão carandiru - noticiário".
A31: =MID(K31, LEN(K31)-6, 3) -> 030 | B31: Trecho de reportagem sem identificação de autoria prévia (Clipe 4), datada de 2005. | C31: Item | D31: 38550 | E31: 0.0034143519 | F31: Originalmente DVD (suporte físico óptico). Com tratamento, tornou-se arquivo eletrônico (MP4) em suporte digital/nato-digital | G31: São Paulo, Brasil | H31: Grupo de Pesquisa em Direito e Violência de Estado | I31: Notícias - Demolição - Casa de Detenção do Carandiru | J31: Pasta: 0001 | K31: =TEXTJOIN("", TRUE, Geral!B33:V33) -> BR-SPGPDVE_NOTICIAS-DEMOLICAO-CSDTCARANDIRU_AVS-NOT-NDT-DT1_0001-030.mp4 | L31: =Demolicao!$L$2 -> Verificar com a professora Maíra | M31: Demolição dos pavilhões 2 e 5 da casa de detenção do Carandiru. Trecho de reportagem sem identificação de autoria prévia (Clipe 4), datada de 2005. | N31: =Demolicao!$N$2 -> O acesso aos documentos deste acervo está condicionado ao compromisso de não repassá-los a terceiros, à obrigatoriedade de mencionar que os originais pertencem ao GPDVE (?), e à necessidade de novo Termo de Responsabilidade em caso de reutilização ou uso diverso do inicialmente acordado. O uso está sujeito às restrições previstas na Lei de Arquivos (Lei nº 8.159/1991), na Lei de Direitos Autorais (Lei nº 9.610/1998), nos artigos 138 e 145 do Código Penal, e no artigo 5º, inciso X, da Constituição Federal, especialmente quanto à proteção da honra e imagem de terceiros. A pessoa física ou jurídica responsável assume integral responsabilidade civil e penal por eventuais danos decorrentes do uso das reproduções e informações, eximindo o GPDVE de qualquer responsabilidade. | O31: Sistema prisional; Demolição; Implosão; Casa de Detenção de São Paulo; Carandiru | P31: Audiovisual | Q31: Possivelmente, filmagem digital ou vídeo digital. Optou-se por "não determinado" por incerteza quanto ao processo da técnica. | R31: ="Figura n – ["&B31&"]"&CHAR(10)&"Fonte: AUTORIA DESCONHECIDO, "&TEXT(D31,"yyyy")&"." -> Figura n – [Trecho de reportagem sem identificação de autoria prévia (Clipe 4), datada de 2005.] Fonte: AUTORIA DESCONHECIDO, 2005. | S31: ="AUTORIA DESCONHECIDA. ["&B31&"]. "&G31&". "&TEXT(D31,"dd")&" "&LOWER(TEXT(D31,"mmm"))&" "&TEXT(D31,"yyyy")&". "&F31&". Disponível em: <link do dataverse>. Acesso em: 21 mai. 2026." -> AUTORIA DESCONHECIDA. [Trecho de reportagem sem identificação de autoria prévia (Clipe 4), datada de 2005.]. São Paulo, Brasil. 17 jul. 2005. Originalmente DVD (suporte físico óptico). Com tratamento, tornou-se arquivo eletrônico (MP4) em suporte digital/nato-digital. Disponível em: <link do dataverse>. Acesso em: 21 mai. 2026. | T31: Este item pertencia à pasta intitulada "Implosão carandiru - noticiário".
A32: =MID(K32, LEN(K32)-6, 3) -> 031 | B32: Trecho de reportagem com Manoel Jorge Diniz Dias para o programa SPTV na Globo. | C32: Item | D32: Sem data | E32: 0.0018055556 | F32: Originalmente DVD (suporte físico óptico). Com tratamento, tornou-se arquivo eletrônico (MP4) em suporte digital/nato-digital | G32: São Paulo, Brasil | H32: Grupo de Pesquisa em Direito e Violência de Estado | I32: Notícias - Demolição - Casa de Detenção do Carandiru | J32: Pasta: 0001 | K32: =TEXTJOIN("", TRUE, Geral!B34:V34) -> BR-SPGPDVE_NOTICIAS-DEMOLICAO-CSDTCARANDIRU_AVS-NOT-NDT-DT1_0001-031.mp4 | L32: =Demolicao!$L$2 -> Verificar com a professora Maíra | M32: Trecho de reportagem com Manoel Jorge Diniz Dias para o programa SPTV na Globo. Manoel foi um dos engenheiros responsáveis pela implosão dos pavilhões do complexo do Carandiru. Conhecido como "Manezinho da Implosão", é um engenheiro de minas formado pela USP e especialista em implosões no país. | N32: =Demolicao!$N$2 -> O acesso aos documentos deste acervo está condicionado ao compromisso de não repassá-los a terceiros, à obrigatoriedade de mencionar que os originais pertencem ao GPDVE (?), e à necessidade de novo Termo de Responsabilidade em caso de reutilização ou uso diverso do inicialmente acordado. O uso está sujeito às restrições previstas na Lei de Arquivos (Lei nº 8.159/1991), na Lei de Direitos Autorais (Lei nº 9.610/1998), nos artigos 138 e 145 do Código Penal, e no artigo 5º, inciso X, da Constituição Federal, especialmente quanto à proteção da honra e imagem de terceiros. A pessoa física ou jurídica responsável assume integral responsabilidade civil e penal por eventuais danos decorrentes do uso das reproduções e informações, eximindo o GPDVE de qualquer responsabilidade. | O32: Sistema prisional; Demolição; Implosão; Casa de Detenção de São Paulo; Carandiru | P32: Audiovisual | Q32: Possivelmente, filmagem digital ou vídeo digital. Optou-se por "não determinado" por incerteza quanto ao processo da técnica. | R32: ="Figura n – ["&B32&"]"&CHAR(10)&"Fonte: INDICAR NOME DA EMISSORA, "&TEXT(D32,"yyyy")&"." -> Figura n – [Trecho de reportagem com Manoel Jorge Diniz Dias para o programa SPTV na Globo.] Fonte: INDICAR NOME DA EMISSORA, Sem data. | S32: ="GRUPO DE PESQUISA EM DIREITO E VIOLÊNCIA DE ESTADO (GPDVE). ["&B32&"]. "&G32&". "&TEXT(D32,"dd")&" "&LOWER(TEXT(D32,"mmm"))&" "&TEXT(D32,"yyyy")&". "&F32&". Disponível em: <link do dataverse>. Acesso em: 21 mai. 2026." -> GRUPO DE PESQUISA EM DIREITO E VIOLÊNCIA DE ESTADO (GPDVE). [Trecho de reportagem com Manoel Jorge Diniz Dias para o programa SPTV na Globo.]. São Paulo, Brasil. Sem data sem data Sem data. Originalmente DVD (suporte físico óptico). Com tratamento, tornou-se arquivo eletrônico (MP4) em suporte digital/nato-digital. Disponível em: <link do dataverse>. Acesso em: 21 mai. 2026. | T32: Este item pertencia à pasta intitulada "Entrevista Manoel".

Sheet Massacre
A1: Cód. | B1: Título descritivo (atribuído) | C1: Nível de descrição | D1: Data | E1: Tamanho | F1: Suporte | G1: Local | H1: Autor/Responsável | I1: Denominação do catálogo temático (GPDVE ARCOENGE) | J1: Localização | K1: Código de referência | L1: História arquivística | M1: Conteúdo/Assunto | N1: Condições de acesso e reprodução | O1: Palavras-chave | P1: Gênero | Q1: Técnica de registro | R1: Legenda para publicações | S1: Citação ABNT | T1: Notas
A2: =MID(K2, LEN(K2)-5, 3) -> 01. | B2: Trecho de reportagem da Globo, veiculada no programa Globo Reporter. Apresentado por Alexandre Garcia. | C2: Item | D2: Sem data | E2: 0.0089699074 | F2: Fotografia digitalizada; colorida; suporte em papel fotográfico | G2: São Paulo, Brasil | H2: Grupo de Pesquisa em Direito e Violência de Estado | I2: Arcoenge - Demolição - Casa de Detenção do Carandiru (Fotografias) | J2: Pasta: 0001 | K2: =TEXTJOIN("", TRUE, Geral!B2:V2) -> BR-SPGPDVE_NOTICIAS-MASSACRE-CSDTCARANDIRU_AVS-NOT-NDT-DT1_0001-001.mp4 | L2: =Demolicao!$L$2 -> Verificar com a professora Maíra | M2: Trecho de reportagem tratando sobre o Massacre do Carandiru. | N2: =Demolicao!$N$2 -> O acesso aos documentos deste acervo está condicionado ao compromisso de não repassá-los a terceiros, à obrigatoriedade de mencionar que os originais pertencem ao GPDVE (?), e à necessidade de novo Termo de Responsabilidade em caso de reutilização ou uso diverso do inicialmente acordado. O uso está sujeito às restrições previstas na Lei de Arquivos (Lei nº 8.159/1991), na Lei de Direitos Autorais (Lei nº 9.610/1998), nos artigos 138 e 145 do Código Penal, e no artigo 5º, inciso X, da Constituição Federal, especialmente quanto à proteção da honra e imagem de terceiros. A pessoa física ou jurídica responsável assume integral responsabilidade civil e penal por eventuais danos decorrentes do uso das reproduções e informações, eximindo o GPDVE de qualquer responsabilidade. | O2: Sistema prisional; Demolição; Implosão; Casa de Detenção de São Paulo; Carandiru | P2: Audiovisual | Q2: Possivelmente, filmagem digital ou vídeo digital. Optou-se por "não determinado" por incerteza quanto ao processo da técnica. | R2: ="Figura n – ["&B2&"]"&CHAR(10)&"Fonte: INDICAR NOME DA EMISSORA, "&TEXT(D2,"yyyy")&"." -> Figura n – [Trecho de reportagem da Globo, veiculada no programa Globo Reporter. Apresentado por Alexandre Garcia.] Fonte: INDICAR NOME DA EMISSORA, Sem data. | S2: ="GRUPO DE PESQUISA EM DIREITO E VIOLÊNCIA DE ESTADO (GPDVE). ["&B2&"]. "&G2&". "&TEXT(D2,"dd")&" "&LOWER(TEXT(D2,"mmm"))&" "&TEXT(D2,"yyyy")&". "&F2&". Disponível em: <link do dataverse>. Acesso em: 21 mai. 2026." -> GRUPO DE PESQUISA EM DIREITO E VIOLÊNCIA DE ESTADO (GPDVE). [Trecho de reportagem da Globo, veiculada no programa Globo Reporter. Apresentado por Alexandre Garcia.]. São Paulo, Brasil. Sem data sem data Sem data. Fotografia digitalizada; colorida; suporte em papel fotográfico. Disponível em: <link do dataverse>. Acesso em: 21 mai. 2026. | T2: Este item pertencia à pasta intitulada "Carandiru - disco 2".
A3: =MID(K3, LEN(K3)-5, 3) -> 02. | B3: Trecho de reportagem da Globo, veiculada no programa Globo Reporter. Apresentado por Celso de Freitas. | C3: Item | D3: Sem data | E3: 0.0080902778 | F3: Fotografia digitalizada; colorida; suporte em papel fotográfico | G3: São Paulo, Brasil | H3: Grupo de Pesquisa em Direito e Violência de Estado | I3: Arcoenge - Demolição - Casa de Detenção do Carandiru (Fotografias) | J3: Pasta: 0001 | K3: =TEXTJOIN("", TRUE, Geral!B3:V3) -> BR-SPGPDVE_NOTICIAS-MASSACRE-CSDTCARANDIRU_AVS-NOT-NDT-DT1_0001-002.mp4 | L3: =Demolicao!$L$2 -> Verificar com a professora Maíra | M3: Trecho de reportagem tratando sobre o Massacre do Carandiru. | N3: =Demolicao!$N$2 -> O acesso aos documentos deste acervo está condicionado ao compromisso de não repassá-los a terceiros, à obrigatoriedade de mencionar que os originais pertencem ao GPDVE (?), e à necessidade de novo Termo de Responsabilidade em caso de reutilização ou uso diverso do inicialmente acordado. O uso está sujeito às restrições previstas na Lei de Arquivos (Lei nº 8.159/1991), na Lei de Direitos Autorais (Lei nº 9.610/1998), nos artigos 138 e 145 do Código Penal, e no artigo 5º, inciso X, da Constituição Federal, especialmente quanto à proteção da honra e imagem de terceiros. A pessoa física ou jurídica responsável assume integral responsabilidade civil e penal por eventuais danos decorrentes do uso das reproduções e informações, eximindo o GPDVE de qualquer responsabilidade. | O3: Sistema prisional; Demolição; Implosão; Casa de Detenção de São Paulo; Carandiru | P3: Audiovisual | Q3: Possivelmente, filmagem digital ou vídeo digital. Optou-se por "não determinado" por incerteza quanto ao processo da técnica. | R3: ="Figura n – ["&B3&"]"&CHAR(10)&"Fonte: INDICAR NOME DA EMISSORA, "&TEXT(D3,"yyyy")&"." -> Figura n – [Trecho de reportagem da Globo, veiculada no programa Globo Reporter. Apresentado por Celso de Freitas.] Fonte: INDICAR NOME DA EMISSORA, Sem data. | S3: ="GRUPO DE PESQUISA EM DIREITO E VIOLÊNCIA DE ESTADO (GPDVE). ["&B3&"]. "&G3&". "&TEXT(D3,"dd")&" "&LOWER(TEXT(D3,"mmm"))&" "&TEXT(D3,"yyyy")&". "&F3&". Disponível em: <link do dataverse>. Acesso em: 21 mai. 2026." -> GRUPO DE PESQUISA EM DIREITO E VIOLÊNCIA DE ESTADO (GPDVE). [Trecho de reportagem da Globo, veiculada no programa Globo Reporter. Apresentado por Celso de Freitas.]. São Paulo, Brasil. Sem data sem data Sem data. Fotografia digitalizada; colorida; suporte em papel fotográfico. Disponível em: <link do dataverse>. Acesso em: 21 mai. 2026. | T3: =$T$2 -> Este item pertencia à pasta intitulada "Carandiru - disco 2".

Sheet OriginalDVD
A1: Cód. | B1: Título descritivo (atribuído) | C1: Nível de descrição | D1: Data | E1: Duração | F1: Suporte | G1: Local | H1: Autor/Responsável | I1: Denominação do catálogo temático (GPDVE ARCOENGE) | J1: Localização | K1: Código de referência | L1: História arquivística | M1: Conteúdo/Assunto | N1: Condições de acesso e reprodução | O1: Palavras-chave | P1: Gênero | Q1: Técnica de registro | R1: Legenda para publicações | S1: Citação ABNT | T1: Notas
A2: =MID(K2, LEN(K2)-2, 3) -> 001 | B2: Entrevista com Manoel | C2: Conjunto | D2: Sem data | E2: -- | F2: DVD (suporte físico óptico) | G2: São Paulo, Brasil | H2: Grupo de Pesquisa em Direito e Violência de Estado | I2: Notícias - Demolição - Casa de Detenção do Carandiru | J2: Pasta: 0001 | K2: =TEXTJOIN("", TRUE, Geral!B35:T35) -> BR-SPGPDVE_NOTICIAS-ORIGINALDVD-CSDTCARANDIRU_AVS-NOT-NDT-DTX_0001-001 | L2: Verificar com a professora Maíra | M2: Registro audiovisual contendo trecho de reportagem veiculada pelo programa SPTV (Rede Globo). O vídeo centra-se em uma entrevista com Manoel Jorge Diniz Dias, conhecido como "Manezinho da Implosão", engenheiro de minas formado pela USP e um dos responsáveis técnicos pela implosão dos pavilhões do complexo da Casa de Detenção de São Paulo (Carandiru). O arquivo digital retém, em seus instantes iniciais, a tela de menu original do DVD de origem. | N2: =Demolicao!$N$2 -> O acesso aos documentos deste acervo está condicionado ao compromisso de não repassá-los a terceiros, à obrigatoriedade de mencionar que os originais pertencem ao GPDVE (?), e à necessidade de novo Termo de Responsabilidade em caso de reutilização ou uso diverso do inicialmente acordado. O uso está sujeito às restrições previstas na Lei de Arquivos (Lei nº 8.159/1991), na Lei de Direitos Autorais (Lei nº 9.610/1998), nos artigos 138 e 145 do Código Penal, e no artigo 5º, inciso X, da Constituição Federal, especialmente quanto à proteção da honra e imagem de terceiros. A pessoa física ou jurídica responsável assume integral responsabilidade civil e penal por eventuais danos decorrentes do uso das reproduções e informações, eximindo o GPDVE de qualquer responsabilidade. | O2: Sistema prisional; Demolição; Implosão; Casa de Detenção de São Paulo; Carandiru | P2: Audiovisual | Q2: Possivelmente, filmagem digital ou vídeo digital. Optou-se por "não determinado" por incerteza quanto ao processo da técnica. | R2: ="Figura n – ["&B2&"]"&CHAR(10)&"Fonte: GLOBO. Acervo: GPDVE. "&TEXT(D2,"yyyy")&"." -> Figura n – [Entrevista com Manoel] Fonte: GLOBO. Acervo: GPDVE. Sem data. | S2: ="GLOBO. ["&B2&"]. "&G2&". "&TEXT(D2,"dd")&" "&LOWER(TEXT(D2,"mmm"))&" "&TEXT(D2,"yyyy")&". "&F2&". Disponível em: <link do dataverse>. Acesso em: 21 mai. 2026." -> GLOBO. [Entrevista com Manoel]. São Paulo, Brasil. Sem data sem data Sem data. DVD (suporte físico óptico). Disponível em: <link do dataverse>. Acesso em: 21 mai. 2026. | T2: Este conjunto pertencia à pasta intitulada "Entrevista Manoel".

Sheet OriginalDVD2
A1: Cód. | B1: Título descritivo (atribuído) | C1: Nível de descrição | D1: Data | E1: Duração | F1: Suporte | G1: Local | H1: Autor/Responsável | I1: Denominação do catálogo temático (GPDVE ARCOENGE) | J1: Localização | K1: Código de referência | L1: História arquivística | M1: Conteúdo/Assunto | N1: Condições de acesso e reprodução | O1: Palavras-chave | P1: Gênero | Q1: Técnica de registro | R1: Legenda para publicações | S1: Citação ABNT | T1: Notas
A2: =MID(K2, LEN(K2)-2, 3) -> 001 | B2: Cobertura jornalística da implosão dos pavilhões 2 e 5 | C2: Conjunto | D2: 38550 | E2: -- | F2: DVD (suporte físico óptico) | G2: São Paulo, Brasil | H2: Grupo de Pesquisa em Direito e Violência de Estado | I2: Notícias - Demolição - Casa de Detenção do Carandiru Notícias - Massacre - Casa de Detenção do Carandiru | J2: Pasta: 0001 | K2: =TEXTJOIN("", TRUE, Geral!B41:T41) -> BR-SPGPDVE_NOTICIAS-ORIGINALDVD2-CSDTCARANDIRU_AVS-NOT-NDT-DTX_0001-001 | L2: Verificar com a professora Maíra | M2: Compilação audiovisual contendo blocos de notícias e reportagens televisivas referentes ao processo de demolição e implosão dos pavilhões 2 e 5 da Casa de Detenção de São Paulo (Carandiru). | N2: =Demolicao!$N$2 -> O acesso aos documentos deste acervo está condicionado ao compromisso de não repassá-los a terceiros, à obrigatoriedade de mencionar que os originais pertencem ao GPDVE (?), e à necessidade de novo Termo de Responsabilidade em caso de reutilização ou uso diverso do inicialmente acordado. O uso está sujeito às restrições previstas na Lei de Arquivos (Lei nº 8.159/1991), na Lei de Direitos Autorais (Lei nº 9.610/1998), nos artigos 138 e 145 do Código Penal, e no artigo 5º, inciso X, da Constituição Federal, especialmente quanto à proteção da honra e imagem de terceiros. A pessoa física ou jurídica responsável assume integral responsabilidade civil e penal por eventuais danos decorrentes do uso das reproduções e informações, eximindo o GPDVE de qualquer responsabilidade. | O2: Sistema prisional; Demolição; Implosão; Casa de Detenção de São Paulo; Carandiru | P2: Audiovisual | Q2: Possivelmente, filmagem digital ou vídeo digital. Optou-se por "não determinado" por incerteza quanto ao processo da técnica. | R2: ="Figura n – ["&B2&"]"&CHAR(10)&"Fonte: VÁRIOS AUTORES, "&TEXT(D2,"yyyy")&"." -> Figura n – [Cobertura jornalística da implosão dos pavilhões 2 e 5] Fonte: VÁRIOS AUTORES, 2005. | S2: ="VÁRIOS AUTORES. ["&B2&"]. "&G2&". "&TEXT(D2,"dd")&" "&LOWER(TEXT(D2,"mmm"))&" "&TEXT(D2,"yyyy")&". "&F2&". Disponível em: <link do dataverse>. Acesso em: 21 mai. 2026." -> VÁRIOS AUTORES. [Cobertura jornalística da implosão dos pavilhões 2 e 5]. São Paulo, Brasil. 17 jul. 2005. DVD (suporte físico óptico). Disponível em: <link do dataverse>. Acesso em: 21 mai. 2026. | T2: Este item pertencia à pasta intitulada "Implosão carandiru - noticiário".

Sheet Classificação
B1: Local (país) | C1: Local (estado) | D1: Designação do repositório | E1: Designação do conjunto documental (FUNDO) | F1: Designação do subconjunto documental | G1: Gênero documental | H1: Espécie/Tipo documental | I1: Técnica de registro | J1: Forma documental | K1: Unidade de descrição
A2: Conteúdo | B2: Obrigatório | C2: Obrigatório | D2: Obrigatório | E2: Obrigatório | F2: Opcional | G2: Opcional | H2: Opcional | I2: Opcional | J2: Opcional | K2: Obrigatório
A3: Vídeos | B3: Brasil | C3: São Paulo | D3: Grupo de Pesquisa em Direito e Violência de Estado | E3: Noticias | F3: Demolição - Casa de Detenção do Carandiru | G3: Audiovisual | H3: Notícia | I3: Técnica não determinada | J3: Derivada tratada (tratamento conhecido) Derivada tratada (tratamento desconhecido) | K3: Pasta
B4: BR | C4: SP | D4: GPDVE | E4: Notícias | F4: DEMOLICAO-CSDTCARANDIRU | G4: AUD | H4: NOT | I4: NDT | J4: DT1 DTX | K4: 0001 0002
J6: Tratamento: conversão do formato .vob para mp4, corte e mesclagem quando necessário.
